,text,label
0,LT script GT alert LPRN INT RPRN SMCLN LT SLSH script GT,xss
1,LT script GT alert LPRN DQUT xss DQUT RPRN SMCLN LT SLSH script GT,xss
2,LT script GT alert LPRN INT RPRN LT SLSH script GT,xss
3,LT script GT alert LPRN DQUT hellox worldss DQUT RPRN SMCLN LT SLSH script GT,xss
4,LT script GT alert LPRN RQUT xss” RPRN LT SLSH script GT,xss
5,LT script GT alert LPRN RQUT xss” RPRN SMCLN LT SLSH script GT,xss
6,LT script GT alert LPRN ‘xss’ RPRN LT SLSH script GT,xss
7,RQUT GT LT script GT alert LPRN RQUT xss” RPRN LT SLSH script GT,xss
8,LT script GT alert LPRN SLSH xss” RPRN LT SLSH script GT,xss
9,LT script GT alert LPRN SLSH xss SLSH RPRN LT SLSH script GT,xss
10,LT SLSH script GT LT script GT alert LPRN INT RPRN LT SLSH script GT,xss
11,‘ SMCLN alert LPRN INT RPRN SMCLN,xss
12,‘ RPRN alert LPRN INT RPRN SMCLN SLSH SLSH,xss
13,LT script GT alert LPRN INT RPRN LT SLSH script GT,xss
14,LT img src EQ javascript CLN alert LPRN ‘xss’ RPRN GT,xss
15,LT img src EQ ”javascript CLN alert LPRN ‘xss’ RPRN SMCLN ” GT,xss
16,LT img src EQ javascript CLN alert LPRN BITAND quot SMCLN xss BITAND quot SMCLN RPRN GT,xss
17,LT img src EQ javascript CLN alert LPRN ‘xss’ RPRN GT,xss
18,LT img src EQ xss onerror EQ alert LPRN INT RPRN GT,xss
19,,xss
20,,xss
21,LT iframe PRCNT INT src EQ DQUT BITAND tab SMCLN javascript CLN prompt LPRN INT RPRN BITAND tab SMCLN DQUT PRCNT INT GT,xss
22,,xss
23,LT svg GT LT STYLE GT LCBR font MINUS FAMILY BITAND colon SMCLN SQUT LT iframe SLSH onload EQ confirm LPRN INT RPRN GT SQUT,xss
24,,xss
25,LT INPUT SLSH onmouseover EQ DQUT javascript BITAND colon SMCLN confirm BITAND lpar SMCLN INT BITAND rpar SMCLN DQUT,xss
26,,xss
27,LT svg GT LT script PRCNT INT GT alert BITAND lpar SMCLN INT BITAND rpar SMCLN LCBR opera RCBR,xss
28,,xss
29,LT img SLSH src EQ REMOVE PRCNT INT REMOVE onerror EQ this DOT onerror EQ confirm LPRN INT RPRN,xss
30,,xss
31,LT form GT LT isindex formaction EQ DQUT javascript BITAND colon SMCLN confirm LPRN INT RPRN DQUT,xss
32,,xss
33,LT img src EQ REMOVE PRCNT INT REMOVE BITAND newline SMCLN onerror EQ alert LPRN INT RPRN BITAND newline SMCLN,xss
34,,xss
35,LT script SLSH BITAND tab SMCLN src EQ SQUT https CLN SLSH SLSH dl DOT dropbox DOT com SLSH u SLSH INT SLSH js DOT js SQUT SLSH BITAND tab SMCLN GT LT SLSH script GT,xss
36,,xss
37,LT script INT MINUS INT STAR INT PLUS INT SLSH INT EQ GT prompt LPRN INT RPRN LT SLSH script giveanswerhere EQ QSTN,xss
38,,xss
39,LT iframe SLSH src EQ DQUT DATA CLN TEXT SLSH html SMCLN BITAND tab SMCLN BASE64 BITAND tab SMCLN CMMA pgjvzhkgb25sb2fkpwfszxj0kdeppg EQ EQ DQUT GT,xss
40,,xss
41,LT script SLSH STAR PRCNT INT STAR SLSH GT SLSH STAR PRCNT INT STAR SLSH alert LPRN INT RPRN SLSH STAR PRCNT INT STAR SLSH LT SLSH script SLSH STAR PRCNT INT STAR SLSH,xss
42,,xss
43,BITAND HASH INT SMCLN BITAND HASH INT SMCLN LT h1 SLSH onmouseover EQ SQUT BSLSH u0061lert LPRN INT RPRN SQUT GT PRCNT INT,xss
44,,xss
45,LT iframe SLSH src EQ DQUT DATA CLN TEXT SLSH html CMMA LT svg BITAND HASH INT SMCLN BITAND HASH INT SMCLN LOAD EQ alert LPRN INT RPRN GT DQUT GT,xss
46,,xss
47,LT meta CONTENT EQ DQUT BITAND newline SMCLN INT BITAND newline SMCLN SMCLN javascript BITAND colon SMCLN alert LPRN INT RPRN DQUT http MINUS equiv EQ DQUT REFRESH DQUT SLSH GT,xss
48,,xss
49,LT svg GT LT script xlink CLN href EQ DATA BITAND colon SMCLN CMMA WINDOW DOT OPEN LPRN SQUT https CLN SLSH SLSH www DOT google DOT com SLSH SQUT RPRN GT LT SLSH script,xss
50,,xss
51,LT svg GT LT script x CLN href EQ SQUT https CLN SLSH SLSH dl DOT dropbox DOT com SLSH u SLSH INT SLSH js DOT js SQUT LCBR opera RCBR,xss
52,,xss
53,LT meta http MINUS equiv EQ DQUT REFRESH DQUT CONTENT EQ DQUT INT SMCLN url EQ javascript CLN confirm LPRN INT RPRN DQUT GT,xss
54,LT iframe src EQ javascript BITAND colon SMCLN alert BITAND lpar SMCLN DOCUMENT BITAND PERIOD SMCLN LOCATION BITAND rpar SMCLN GT,xss
55,,xss
56,LT form GT LT A href EQ DQUT javascript CLN BSLSH u0061lert BITAND HASH x28 SMCLN INT BITAND HASH x29 SMCLN DQUT GT x,xss
57,,xss
58,LT SLSH script GT LT img SLSH STAR PRCNT INT SLSH src EQ DQUT worksinchrome BITAND colon SMCLN prompt BITAND HASH x28 SMCLN INT BITAND HASH x29 SMCLN DQUT SLSH PRCNT INT STAR SLSH onerror EQ SQUT eval LPRN src RPRN SQUT GT,xss
59,LT img SLSH BITAND HASH INT SMCLN BITAND HASH INT SMCLN BITAND HASH INT SMCLN src EQ REMOVE TLDE REMOVE onerror EQ prompt LPRN INT RPRN GT,xss
60,LT form GT LT iframe BITAND HASH INT SMCLN BITAND HASH INT SMCLN BITAND HASH INT SMCLN src EQ DQUT javascript BITAND HASH INT SMCLN alert LPRN INT RPRN DQUT BITAND HASH INT SMCLN BITAND HASH INT SMCLN BITAND HASH INT SMCLN SMCLN GT,xss
61,,xss
62,LT A href EQ DQUT DATA CLN application SLSH x MINUS x509 MINUS USER MINUS cert SMCLN BITAND newline SMCLN BASE64 BITAND newline SMCLN CMMA phnjcmlwdd5hbgvydcgxktwvc2nyaxb0pg EQ EQ DQUT BITAND HASH INT SMCLN BITAND HASH INT SMCLN BITAND HASH INT SMCLN GT x LT SLSH A,xss
63,,xss
64,http CLN SLSH SLSH www DOT google LT script DOT com GT alert LPRN DOCUMENT DOT LOCATION RPRN LT SLSH script,xss
65,,xss
66,LT A BITAND HASH INT SMCLN href BITAND HASH INT SMCLN BITAND HASH INT SMCLN BITAND HASH INT SMCLN BITAND HASH INT SMCLN DQUT BITAND HASH INT SMCLN onmouseover EQ prompt BITAND HASH INT SMCLN INT BITAND HASH INT SMCLN BITAND HASH INT SMCLN BITAND HASH INT SMCLN DQUT GT xyz LT SLSH A,xss
67,,xss
68,LT img SLSH src EQ ATR BITAND HASH INT SMCLN BITAND HASH INT SMCLN onerror EQ prompt LPRN SQUT BITAND HASH INT SMCLN SQUT RPRN,xss
69,,xss
70,LT STYLE SLSH onload EQ prompt BITAND HASH INT SMCLN SQUT BITAND HASH INT SMCLN BITAND HASH INT SMCLN BITAND HASH INT SMCLN SQUT BITAND HASH INT SMCLN,xss
71,,xss
72,LT script XOR __ XOR GT alert LPRN string DOT fromcharcode LPRN INT RPRN RPRN LT SLSH script XOR __ XOR,xss
73,,xss
74,LT SLSH STYLE BITAND HASH INT SMCLN GT LT script BITAND HASH INT SMCLN CLN MINUS LPRN GT SLSH STAR STAR SLSH alert LPRN DOCUMENT DOT LOCATION RPRN SLSH STAR STAR SLSH LT SLSH script BITAND HASH INT SMCLN CLN MINUS LPRN,xss
75,,xss
76,BITAND HASH INT SMCLN LT SLSH form GT LT INPUT TYPE BITAND HASH INT SMCLN DQUT DATE DQUT onfocus EQ DQUT alert LPRN INT RPRN DQUT GT,xss
77,,xss
78,LT form GT LT textarea BITAND HASH INT SMCLN onkeyup EQ SQUT BSLSH u0061 BSLSH u006c BSLSH u0065 BSLSH u0072 BSLSH u0074 BITAND HASH x28 SMCLN INT BITAND HASH x29 SMCLN SQUT GT,xss
79,,xss
80,LT script SLSH STAR STAR STAR SLSH GT SLSH STAR STAR STAR SLSH confirm LPRN SQUT BSLSH uff41 BSLSH uff4c BSLSH uff45 BSLSH uff52 BSLSH uff54 BSLSH u1455 BSLSH uff11 BSLSH u1450 SQUT RPRN SLSH STAR STAR STAR SLSH LT SLSH script SLSH STAR STAR STAR SLSH,xss
81,,xss
82,LT iframe srcdoc EQ SQUT BITAND lt SMCLN body onload EQ prompt BITAND lpar SMCLN INT BITAND rpar SMCLN BITAND gt SMCLN SQUT GT,xss
83,,xss
84,LT A href EQ DQUT javascript CLN void LPRN INT RPRN DQUT onmouseover EQ BITAND newline SMCLN javascript CLN alert LPRN INT RPRN BITAND newline SMCLN GT x LT SLSH A GT,xss
85,,xss
86,LT script TLDE TLDE TLDE GT alert LPRN INT PRCNT INT RPRN LT SLSH script TLDE TLDE TLDE GT,xss
87,,xss
88,LT STYLE SLSH onload EQ BITAND lt SMCLN EXCLM MINUS MINUS BITAND HASH INT SMCLN BITAND gt SMCLN BITAND HASH INT SMCLN alert BITAND HASH INT SMCLN BITAND lpar SMCLN INT BITAND rpar SMCLN GT,xss
89,,xss
90,LT SLSH SLSH SLSH STYLE SLSH SLSH SLSH GT LT span PRCNT 2f onmousemove EQ SQUT alert BITAND lpar SMCLN INT BITAND rpar SMCLN SQUT GT span,xss
91,,xss
92,LT img SLSH src EQ SQUT http CLN SLSH SLSH i DOT imgur DOT com SLSH p8ml8 DOT jpg SQUT onmouseover EQ BITAND tab SMCLN prompt LPRN INT RPRN,xss
93,,xss
94,BITAND HASH INT SMCLN BITAND HASH INT SMCLN LT svg GT LT STYLE GT LCBR MINUS o MINUS LINK MINUS SOURCE BITAND colon SMCLN SQUT LT body SLSH onload EQ confirm LPRN INT RPRN GT SQUT,xss
95,,xss
96,BITAND HASH INT SMCLN LT blink SLSH BITAND HASH INT SMCLN onmouseover EQ pr BITAND HASH x6f SMCLN mp BITAND HASH INT SMCLN LPRN INT RPRN GT onmouseover LCBR firefox BITAND opera RCBR,xss
97,,xss
98,LT marquee onstart EQ SQUT javascript CLN alert BITAND HASH x28 SMCLN INT BITAND HASH x29 SMCLN SQUT GT XOR __ XOR,xss
99,,xss
100,LT DIV SLSH STYLE EQ DQUT width CLN EXPRESSION LPRN confirm LPRN INT RPRN RPRN DQUT GT x LT SLSH DIV GT LCBR ie7 RCBR,xss
101,,xss
102,LT iframe SLSH PRCNT INT SLSH src EQ javascript BITAND colon SMCLN alert LPRN INT RPRN,xss
103,,xss
104,SLSH SLSH LT form SLSH ACTION EQ javascript BITAND HASH x3a SMCLN alert BITAND lpar SMCLN DOCUMENT BITAND PERIOD SMCLN cookie BITAND rpar SMCLN GT LT INPUT SLSH TYPE EQ SQUT submit SQUT GT SLSH SLSH,xss
105,,xss
106,SLSH STAR iframe SLSH src STAR SLSH LT iframe SLSH src EQ DQUT LT iframe SLSH src EQ ATR DQUT SLSH onload EQ prompt LPRN INT RPRN SLSH STAR iframe SLSH src STAR SLSH GT,xss
107,,xss
108,SLSH SLSH BITOR BSLSH BSLSH LT script SLSH SLSH BITOR BSLSH BSLSH src EQ SQUT https CLN SLSH SLSH dl DOT dropbox DOT com SLSH u SLSH INT SLSH js DOT js SQUT GT SLSH SLSH BITOR BSLSH BSLSH LT SLSH script SLSH SLSH BITOR BSLSH BSLSH,xss
109,,xss
110,LT SLSH font GT SLSH LT svg GT LT STYLE GT LCBR src BITAND HASH x3a SMCLN SQUT LT STYLE SLSH onload EQ this DOT onload EQ confirm LPRN INT RPRN GT SQUT LT SLSH font GT SLSH LT SLSH STYLE GT,xss
111,,xss
112,LT A SLSH href EQ DQUT javascript CLN BITAND HASH INT SMCLN javascript CLN prompt LPRN INT RPRN DQUT GT LT INPUT TYPE EQ DQUT x DQUT GT,xss
113,,xss
114,LT SLSH plaintext BSLSH GT LT SLSH BITOR BSLSH GT LT plaintext SLSH onmouseover EQ prompt LPRN INT RPRN,xss
115,,xss
116,LT SLSH svg GT SQUT SQUT LT svg GT LT script SQUT aquickbrownfoxjumpsoverthelazydog SQUT GT alert BITAND HASH x28 SMCLN INT BITAND HASH x29 SMCLN LCBR opera RCBR,xss
117,,xss
118,LT A href EQ DQUT javascript BITAND colon SMCLN BSLSH u0061 BITAND HASH x6c SMCLN BITAND HASH INT PRCNT 72t BITAND lpar SMCLN INT BITAND rpar SMCLN DQUT GT LT button GT,xss
119,,xss
120,LT DIV onmouseover EQ SQUT alert BITAND lpar SMCLN INT BITAND rpar SMCLN SQUT GT DIV LT SLSH DIV GT,xss
121,,xss
122,LT iframe STYLE EQ DQUT xg MINUS P CLN ABSOLUTE SMCLN top CLN INT SMCLN LEFT CLN INT SMCLN width CLN INT PRCNT SMCLN height CLN INT PRCNT DQUT onmouseover EQ DQUT prompt LPRN INT RPRN DQUT GT,xss
123,,xss
124,LT A href EQ DQUT javascript BITAND colon SMCLN alert BITAND lpar SMCLN INT BITAND rpar SMCLN DQUT GT x LT SLSH A GT,xss
125,,xss
126,LT embed src EQ DQUT http CLN SLSH SLSH corkami DOT googlecode DOT com SLSH svn SLSH EXCLM svn SLSH bc SLSH INT SLSH trunk SLSH misc SLSH pdf SLSH helloworld_js_x DOT pdf DQUT GT,xss
127,,xss
128,LT OBJECT DATA EQ DQUT http CLN SLSH SLSH corkami DOT googlecode DOT com SLSH svn SLSH EXCLM svn SLSH bc SLSH INT SLSH trunk SLSH misc SLSH pdf SLSH helloworld_js_x DOT pdf DQUT GT,xss
129,,xss
130,LT var onmouseover EQ DQUT prompt LPRN INT RPRN DQUT GT ON mouse OVER LT SLSH var GT,xss
131,,xss
132,LT A href EQ javascript BITAND colon SMCLN alert BITAND lpar SMCLN DOCUMENT BITAND PERIOD SMCLN cookie BITAND rpar SMCLN GT click here LT SLSH A GT,xss
133,,xss
134,LT img src EQ DQUT SLSH DQUT EQ _ EQ DQUT title EQ DQUT onerror EQ SQUT prompt LPRN INT RPRN SQUT DQUT GT,xss
135,,xss
136,LT PRCNT LT EXCLM MINUS MINUS SQUT PRCNT GT LT script GT alert LPRN INT RPRN SMCLN LT SLSH script MINUS MINUS GT,xss
137,,xss
138,LT script src EQ DQUT DATA CLN TEXT SLSH javascript CMMA alert LPRN INT RPRN DQUT GT LT SLSH script GT,xss
139,LT iframe SLSH src BSLSH SLSH BSLSH SLSH onload EQ prompt LPRN INT RPRN,xss
140,,xss
141,LT iframe SLSH onreadystatechange EQ alert LPRN INT RPRN,xss
142,,xss
143,LT svg SLSH onload EQ alert LPRN INT RPRN,xss
144,,xss
145,LT INPUT VALUE EQ LT GT LT iframe SLSH src EQ javascript CLN confirm LPRN INT RPRN,xss
146,,xss
147,LT INPUT TYPE EQ DQUT TEXT DQUT VALUE EQ REMOVE REMOVE LT DIV SLSH onmouseover EQ SQUT alert LPRN INT RPRN SQUT GT x LT SLSH DIV GT,xss
148,,xss
149,http CLN SLSH SLSH www DOT LT script GT alert LPRN INT RPRN LT SLSH script DOT com,xss
150,,xss
151,LT iframe src EQ j BITAND newline SMCLN BITAND tab SMCLN A BITAND newline SMCLN BITAND tab SMCLN BITAND tab SMCLN v BITAND newline SMCLN BITAND tab SMCLN BITAND tab SMCLN BITAND tab SMCLN A BITAND newline SMCLN BITAND tab SMCLN BITAND tab SMCLN BITAND tab SMCLN BITAND tab SMCLN s BITAND newline SMCLN BITAND tab SMCLN BITAND tab SMCLN BITAND tab SMCLN BITAND tab SMCLN BITAND tab SMCLN C BITAND newline SMCLN BITAND tab SMCLN BITAND tab SMCLN BITAND tab SMCLN BITAND tab SMCLN BITAND tab SMCLN BITAND tab SMCLN r BITAND newline SMCLN BITAND tab SMCLN BITAND tab SMCLN BITAND tab SMCLN BITAND tab SMCLN BITAND tab SMCLN BITAND tab SMCLN BITAND tab SMCLN i BITAND newline SMCLN BITAND tab SMCLN BITAND tab SMCLN BITAND tab SMCLN BITAND tab SMCLN BITAND tab SMCLN BITAND tab SMCLN BITAND tab SMCLN BITAND tab SMCLN P BITAND newline SMCLN BITAND tab SMCLN BITAND tab SMCLN BITAND tab SMCLN BITAND tab SMCLN BITAND tab SMCLN BITAND tab SMCLN BITAND tab SMCLN BITAND tab SMCLN BITAND tab SMCLN T BITAND newline SMCLN BITAND tab SMCLN BITAND tab SMCLN BITAND tab SMCLN BITAND tab SMCLN BITAND tab SMCLN BITAND tab SMCLN BITAND tab SMCLN BITAND tab SMCLN BITAND tab SMCLN BITAND tab SMCLN BITAND colon SMCLN A BITAND newline SMCLN BITAND tab SMCLN BITAND tab SMCLN BITAND tab SMCLN BITAND tab SMCLN BITAND tab SMCLN BITAND tab SMCLN BITAND tab SMCLN BITAND tab SMCLN BITAND tab SMCLN BITAND tab SMCLN BITAND tab SMCLN l BITAND newline SMCLN BITAND tab SMCLN BITAND tab SMCLN BITAND tab SMCLN BITAND tab SMCLN BITAND tab SMCLN BITAND tab SMCLN BITAND tab SMCLN BITAND tab SMCLN BITAND tab SMCLN BITAND tab SMCLN BITAND tab SMCLN BITAND tab SMCLN e BITAND newline SMCLN BITAND tab SMCLN BITAND tab SMCLN BITAND tab SMCLN BITAND tab SMCLN BITAND tab SMCLN BITAND tab SMCLN BITAND tab SMCLN BITAND tab SMCLN BITAND tab SMCLN BITAND tab SMCLN BITAND tab SMCLN BITAND tab SMCLN BITAND tab SMCLN r BITAND newline SMCLN BITAND tab SMCLN BITAND tab SMCLN BITAND tab SMCLN BITAND tab SMCLN BITAND tab SMCLN BITAND tab SMCLN BITAND tab SMCLN BITAND tab SMCLN BITAND tab SMCLN BITAND tab SMCLN BITAND tab SMCLN BITAND tab SMCLN BITAND tab SMCLN BITAND tab SMCLN T BITAND newline SMCLN BITAND tab SMCLN BITAND tab SMCLN BITAND tab SMCLN BITAND tab SMCLN BITAND tab SMCLN BITAND tab SMCLN BITAND tab SMCLN BITAND tab SMCLN BITAND tab SMCLN BITAND tab SMCLN BITAND tab SMCLN BITAND tab SMCLN BITAND tab SMCLN BITAND tab SMCLN BITAND tab SMCLN INT BITAND newline SMCLN BITAND tab SMCLN BITAND tab SMCLN BITAND tab SMCLN BITAND tab SMCLN BITAND tab SMCLN BITAND tab SMCLN BITAND tab SMCLN BITAND tab SMCLN BITAND tab SMCLN BITAND tab SMCLN BITAND tab SMCLN BITAND tab SMCLN BITAND tab SMCLN BITAND tab SMCLN BITAND tab SMCLN BITAND tab SMCLN INT BITAND newline SMCLN BITAND tab SMCLN BITAND tab SMCLN BITAND tab SMCLN BITAND tab SMCLN BITAND tab SMCLN BITAND tab SMCLN BITAND tab SMCLN BITAND tab SMCLN BITAND tab SMCLN BITAND tab SMCLN BITAND tab SMCLN BITAND tab SMCLN BITAND tab SMCLN BITAND tab SMCLN BITAND tab SMCLN BITAND tab SMCLN BITAND tab SMCLN PRCNT INT GT LT SLSH iframe GT,xss
152,,xss
153,LT svg GT LT script QSTN GT alert LPRN INT RPRN,xss
154,,xss
155,LT iframe src EQ j BITAND tab SMCLN A BITAND tab SMCLN v BITAND tab SMCLN A BITAND tab SMCLN s BITAND tab SMCLN C BITAND tab SMCLN r BITAND tab SMCLN i BITAND tab SMCLN P BITAND tab SMCLN T BITAND tab SMCLN CLN A BITAND tab SMCLN l BITAND tab SMCLN e BITAND tab SMCLN r BITAND tab SMCLN T BITAND tab SMCLN PRCNT INT BITAND tab SMCLN INT BITAND tab SMCLN PRCNT INT GT LT SLSH iframe GT,xss
156,,xss
157,LT img src EQ REMOVE xx CLN xx REMOVE onerror EQ alert LPRN INT RPRN GT,xss
158,,xss
159,LT meta http MINUS equiv EQ DQUT REFRESH DQUT CONTENT EQ DQUT INT SMCLN javascript BITAND colon SMCLN alert LPRN INT RPRN DQUT SLSH GT,xss
160,LT math GT LT A xlink CLN href EQ DQUT SLSH SLSH jsfiddle DOT net SLSH t846h SLSH DQUT GT click,xss
161,,xss
162,LT embed code EQ DQUT http CLN SLSH SLSH businessinfo DOT co DOT uk SLSH labs SLSH xss SLSH xss DOT swf DQUT allowscriptaccess EQ ALWAYS GT,xss
163,LT svg contentscripttype EQ TEXT SLSH vbs GT LT script GT msgbox PLUS INT,xss
164,,xss
165,LT A href EQ DQUT DATA CLN TEXT SLSH html SMCLN base64_ CMMA LT svg SLSH onload EQ BSLSH u0061 BITAND HASH x6c SMCLN BITAND HASH INT PRCNT 72t LPRN INT RPRN GT DQUT GT x LT SLSH A,xss
166,,xss
167,LT iframe SLSH onreadystatechange EQ BSLSH u0061 BSLSH u006c BSLSH u0065 BSLSH u0072 BSLSH u0074 LPRN SQUT BSLSH u0061 SQUT RPRN worksinie GT,xss
168,,xss
169,LT script GT TLDE SQUT BSLSH u0061 SQUT SMCLN BSLSH u0074 BSLSH u0068 BSLSH u0072 BSLSH u006f BSLSH u0077 TLDE BSLSH u0074 BSLSH u0068 BSLSH u0069 BSLSH u0073 DOT BSLSH u0061 BSLSH u006c BSLSH u0065 BSLSH u0072 BSLSH u0074 LPRN TLDE SQUT BSLSH u0061 SQUT RPRN LT SLSH script u PLUS,xss
170,,xss
171,LT script SLSH src EQ DQUT DATA BITAND colon SMCLN TEXT PRCNT 2fj BSLSH u0061v BSLSH u0061script CMMA BSLSH u0061lert LPRN SQUT BSLSH u0061 SQUT RPRN DQUT GT LT SLSH script A EQ BSLSH u0061 BITAND SLSH EQ PRCNT 2f,xss
172,LT script SLSH src EQ DATA BITAND colon SMCLN TEXT SLSH j BSLSH u0061v BSLSH u0061 BITAND HASH INT BITAND HASH INT BITAND HASH INT BITAND HASH INT BITAND HASH INT BITAND HASH INT CMMA BSLSH u0061 PRCNT 6c PRCNT INT PRCNT INT PRCNT INT LPRN SLSH xss SLSH RPRN GT LT SLSH script,xss
173,,xss
174,LT OBJECT DATA EQ javascript BITAND colon SMCLN BSLSH u0061 BITAND HASH x6c SMCLN BITAND HASH INT PRCNT 72t LPRN INT RPRN GT,xss
175,,xss
176,LT script GT PLUS MINUS PLUS MINUS INT MINUS PLUS MINUS PLUS alert LPRN INT RPRN LT SLSH script GT,xss
177,,xss
178,LT body SLSH onload EQ BITAND lt SMCLN EXCLM MINUS MINUS BITAND gt SMCLN BITAND HASH 10alert LPRN INT RPRN GT,xss
179,,xss
180,LT script itworksinallbrowsers GT SLSH STAR LT script STAR STAR SLSH alert LPRN INT RPRN LT SLSH script,xss
181,,xss
182,LT img src QSTN itworksonchrome QSTN BSLSH SLSH onerror EQ alert LPRN INT RPRN,xss
183,,xss
184,LT svg GT LT script GT SLSH SLSH BITAND newline SMCLN confirm LPRN INT RPRN SMCLN LT SLSH script LT SLSH svg GT,xss
185,LT svg GT LT script onlypossibleinopera CLN MINUS RPRN GT alert LPRN INT RPRN,xss
186,,xss
187,LT A aa aaa aaaa aaaaa aaaaaa aaaaaaa aaaaaaaa aaaaaaaaa aaaaaaaaaa href EQ j BITAND HASH 97v BITAND HASH 97script BITAND HASH x3a SMCLN BITAND HASH 97lert LPRN INT RPRN GT clickme,xss
188,,xss
189,LT script x GT alert LPRN INT RPRN LT SLSH script INT EQ INT,xss
190,,xss
191,LT DIV SLSH onmouseover EQ SQUT alert LPRN INT RPRN SQUT GT STYLE EQ DQUT x CLN DQUT GT,xss
192,,xss
193,LT MINUS MINUS REMOVE LT img SLSH src EQ REMOVE onerror EQ alert LPRN INT RPRN GT MINUS MINUS EXCLM GT,xss
194,LT script SLSH src EQ BITAND HASH INT BITAND HASH INT BITAND HASH INT BITAND HASH INT CLN TEXT SLSH BITAND HASH x6a BITAND HASH x61 BITAND HASH x76 BITAND HASH x61 BITAND HASH x73 BITAND HASH x63 BITAND HASH x72 BITAND HASH x69 BITAND HASH x000070 BITAND HASH x074 CMMA BITAND HASH x0061 SMCLN BITAND HASH x06c SMCLN BITAND HASH x0065 SMCLN BITAND HASH x00000072 SMCLN BITAND HASH x00074 SMCLN LPRN INT RPRN GT LT SLSH script GT,xss
195,,xss
196,LT DIV STYLE EQ DQUT xg MINUS P CLN ABSOLUTE SMCLN top CLN INT SMCLN LEFT CLN INT SMCLN width CLN INT PRCNT SMCLN height CLN INT PRCNT DQUT onmouseover EQ DQUT prompt LPRN INT RPRN DQUT onclick EQ DQUT alert LPRN INT RPRN DQUT GT x LT SLSH button GT,xss
197,,xss
198,DQUT GT LT img src EQ x onerror EQ WINDOW DOT OPEN LPRN SQUT https CLN SLSH SLSH www DOT google DOT com SLSH SQUT RPRN SMCLN GT,xss
199,,xss
200,LT form GT LT button formaction EQ javascript BITAND colon SMCLN alert LPRN INT RPRN GT clickme,xss
201,,xss
202,LT math GT LT A xlink CLN href EQ DQUT SLSH SLSH jsfiddle DOT net SLSH t846h SLSH DQUT GT click,xss
203,,xss
204,LT OBJECT DATA EQ DATA CLN TEXT SLSH html SMCLN BASE64 CMMA phn2zy9vbmxvywq9ywxlcnqomik PLUS GT LT SLSH OBJECT GT,xss
205,,xss
206,LT iframe src EQ DQUT DATA CLN TEXT SLSH html CMMA PRCNT 3c PRCNT INT PRCNT INT PRCNT INT PRCNT INT PRCNT INT PRCNT INT PRCNT 3e PRCNT INT PRCNT 6c PRCNT INT PRCNT INT PRCNT INT PRCNT INT PRCNT INT PRCNT INT PRCNT 3c PRCNT 2f PRCNT INT PRCNT INT PRCNT INT PRCNT INT PRCNT INT PRCNT INT PRCNT 3e DQUT GT LT SLSH iframe GT,xss
207,,xss
208,LT A href EQ DQUT DATA CLN TEXT SLSH html SMCLN blabla CMMA BITAND HASH INT BITAND HASH INT BITAND HASH INT BITAND HASH INT BITAND HASH INT BITAND HASH INT BITAND HASH INT BITAND HASH INT BITAND HASH INT BITAND HASH INT BITAND HASH INT BITAND HASH INT BITAND HASH INT BITAND HASH INT BITAND HASH INT BITAND HASH INT BITAND HASH INT BITAND HASH INT BITAND HASH INT BITAND HASH INT BITAND HASH INT BITAND HASH INT BITAND HASH INT BITAND HASH INT BITAND HASH INT BITAND HASH INT BITAND HASH INT BITAND HASH INT BITAND HASH INT BITAND HASH INT BITAND HASH INT BITAND HASH INT BITAND HASH INT BITAND HASH INT BITAND HASH INT BITAND HASH INT BITAND HASH INT BITAND HASH INT BITAND HASH INT BITAND HASH INT BITAND HASH INT BITAND HASH INT BITAND HASH INT BITAND HASH INT BITAND HASH INT BITAND HASH INT BITAND HASH INT BITAND HASH INT BITAND HASH INT BITAND HASH INT BITAND HASH INT BITAND HASH INT BITAND HASH INT BITAND HASH INT BITAND HASH INT DQUT GT click me LT SLSH A GT,xss
209,,xss
210,LT script GT string DOT fromcharcode LPRN INT CMMA INT CMMA INT CMMA INT CMMA INT CMMA INT CMMA INT CMMA INT RPRN LT SLSH script GT,xss
211,‘ SMCLN alert LPRN string DOT fromcharcode LPRN INT CMMA INT CMMA INT RPRN RPRN SLSH SLSH ’ SMCLN alert LPRN string DOT fromcharcode LPRN INT CMMA INT CMMA INT RPRN RPRN SLSH SLSH ” SMCLN alert LPRN string DOT fromcharcode LPRN INT CMMA INT CMMA INT RPRN RPRN SLSH SLSH ” SMCLN alert LPRN string DOT fromcharcode LPRN INT CMMA INT CMMA INT RPRN RPRN SLSH SLSH – GT LT SLSH script GT ” GT ’ GT LT script GT alert LPRN string DOT fromcharcode LPRN INT CMMA INT CMMA INT RPRN RPRN LT SLSH script GT,xss
212,LT img RQUT ”” GT LT script GT alert LPRN RQUT xss” RPRN LT SLSH script GT ” GT,xss
213,LT img src EQ javascript CLN alert LPRN string DOT fromcharcode LPRN INT CMMA INT CMMA INT RPRN RPRN GT,xss
214,LT img src EQ ”jav ascript CLN alert LPRN ‘xss’ RPRN SMCLN ” GT,xss
215,LT img src EQ ”jav BITAND HASH x09 SMCLN ascript CLN alert LPRN ‘xss’ RPRN SMCLN ” GT,xss
216,LT LT script GT alert LPRN RQUT xss” RPRN SMCLN SLSH SLSH LT LT SLSH script GT,xss
217,PRCNT 253cscript PRCNT 253ealert LPRN INT RPRN PRCNT 253c SLSH script PRCNT 253e,xss
218,RQUT GT LT s” PRCNT 2b”cript GT alert LPRN DOCUMENT DOT cookie RPRN LT SLSH script GT,xss
219,foo LT script GT alert LPRN INT RPRN LT SLSH script GT,xss
220,LT scr LT script GT ipt GT alert LPRN INT RPRN LT SLSH scr LT SLSH script GT ipt GT,xss
221,LT img src EQ BITAND HASH INT SMCLN BITAND HASH INT SMCLN BITAND HASH INT SMCLN BITAND HASH INT SMCLN BITAND HASH INT SMCLN BITAND HASH INT SMCLN BITAND HASH INT SMCLN BITAND HASH INT SMCLN BITAND HASH INT SMCLN BITAND HASH INT SMCLN BITAND HASH INT SMCLN BITAND HASH INT SMCLN BITAND HASH INT SMCLN BITAND HASH INT SMCLN BITAND HASH INT SMCLN BITAND HASH INT SMCLN BITAND HASH INT SMCLN BITAND HASH INT SMCLN BITAND HASH INT SMCLN BITAND HASH INT SMCLN BITAND HASH INT SMCLN BITAND HASH INT SMCLN BITAND HASH INT SMCLN GT,xss
222,LT img src EQ BITAND HASH INT BITAND HASH INT BITAND HASH INT BITAND HASH INT BITAND HASH INT BITAND HASH INT BITAND HASH INT BITAND HASH INT BITAND HASH INT BITAND HASH INT BITAND HASH INT BITAND HASH INT BITAND HASH INT BITAND HASH INT BITAND HASH INT BITAND HASH INT BITAND HASH INT BITAND HASH INT BITAND HASH INT BITAND HASH INT BITAND HASH INT BITAND HASH INT BITAND HASH INT GT,xss
223,LT img src EQ BITAND HASH x6a BITAND HASH x61 BITAND HASH x76 BITAND HASH x61 BITAND HASH x73 BITAND HASH x63 BITAND HASH x72 BITAND HASH x69 BITAND HASH x70 BITAND HASH x74 BITAND HASH x3a BITAND HASH x61 BITAND HASH x6c BITAND HASH x65 BITAND HASH x72 BITAND HASH x74 BITAND HASH x28 BITAND HASH x27 BITAND HASH x58 BITAND HASH x53 BITAND HASH x53 BITAND HASH x27 BITAND HASH x29 GT,xss
224,LT body background EQ ”javascript CLN alert LPRN ‘xss’ RPRN ” GT,xss
225,LT body onload EQ alert LPRN ‘xss’ RPRN GT,xss
226,LT INPUT TYPE EQ ”image” src EQ ”javascript CLN alert LPRN ‘xss’ RPRN SMCLN ” GT,xss
227,LT img src EQ ”javascript CLN alert LPRN ‘xss’ RPRN ”,xss
228,LT iframe src EQ http CLN SLSH SLSH ha DOT ckers DOT org SLSH scriptlet DOT html LT,xss
229,javascript CLN alert LPRN DQUT hellox worldss DQUT RPRN,xss
230,LT img src EQ DQUT javascript CLN alert LPRN SQUT xss SQUT RPRN SMCLN DQUT GT,xss
231,LT img src EQ javascript CLN alert LPRN BITAND quot SMCLN xss BITAND quot SMCLN RPRN GT,xss
232,LT DQUT SQUT SMCLN alert LPRN string DOT fromcharcode LPRN INT CMMA INT CMMA INT RPRN RPRN SLSH SLSH BSLSH SQUT SMCLN alert LPRN string DOT fromcharcode LPRN INT CMMA INT CMMA INT RPRN RPRN SLSH SLSH DQUT SMCLN alert LPRN string DOT fromcharcode LPRN INT CMMA INT CMMA INT RPRN RPRN SLSH SLSH BSLSH DQUT SMCLN alert LPRN string DOT fromcharcode LPRN INT CMMA INT CMMA INT RPRN RPRN SLSH SLSH MINUS MINUS GT LT SLSH script GT DQUT GT SQUT GT LT script GT alert LPRN string DOT fromcharcode LPRN INT CMMA INT CMMA INT RPRN RPRN LT SLSH script GT,xss
233,LT meta http MINUS equiv EQ DQUT REFRESH DQUT CONTENT EQ DQUT INT SMCLN url EQ DATA CLN TEXT SLSH html SMCLN BASE64 CMMA phnjcmlwdd5hbgvydcgnwfntjyk8l3njcmlwdd4k DQUT GT,xss
234,LT iframe src EQ DQUT javascript CLN alert LPRN SQUT xss SQUT RPRN SMCLN DQUT GT LT SLSH iframe GT,xss
235,LT embed src EQ DQUT DATA CLN image SLSH svg PLUS XML SMCLN BASE64 CMMA phn2zyb4bwxuczpzdmc9imh0dh a6ly93d3cudzmub3jnlziwmdavc3zniib4bwxucz0iahr0cdovl3d3dy53my5vcmcv mjawmc9zdmciihhtbg5zonhsaw5rpsjodhrwoi8vd3d3lnczlm9yzy8xotk5l3hs aw5riib2zxjzaw9upsixljaiihg9ijaiihk9ijaiihdpzhropsixotqiighlawdodd0imjaw iibpzd0iehnzij48c2nyaxb0ihr5cgu9inrlehqvzwntyxnjcmlwdci PLUS ywxlcnqoilh tuyipozwvc2nyaxb0pjwvc3znpg EQ EQ DQUT TYPE EQ DQUT image SLSH svg PLUS XML DQUT allowscriptaccess EQ DQUT ALWAYS DQUT GT LT SLSH embed GT,xss
236,LT script A EQ DQUT GT DQUT src EQ DQUT http CLN SLSH SLSH ha DOT ckers DOT org SLSH xss DOT js DQUT GT LT SLSH script GT,xss
237,LT script A EQ DQUT GT DQUT SQUT SQUT src EQ DQUT http CLN SLSH SLSH ha DOT ckers DOT org SLSH xss DOT js DQUT GT LT SLSH script GT,xss
238,LT script DQUT A EQ SQUT GT SQUT DQUT src EQ DQUT http CLN SLSH SLSH ha DOT ckers DOT org SLSH xss DOT js DQUT GT LT SLSH script GT,xss
239,LT script A EQ DQUT GT SQUT GT DQUT src EQ DQUT http CLN SLSH SLSH ha DOT ckers DOT org SLSH xss DOT js DQUT GT LT SLSH script GT,xss
240,LT script GT DOCUMENT DOT WRITE LPRN DQUT LT scri DQUT RPRN SMCLN LT SLSH script GT pt src EQ DQUT http CLN SLSH SLSH ha DOT ckers DOT org SLSH xss DOT js DQUT GT LT SLSH script GT,xss
241,LT LT script GT alert LPRN DQUT xss DQUT RPRN SMCLN SLSH SLSH LT LT SLSH script GT,xss
242,LT DQUT SQUT SMCLN alert LPRN string DOT fromcharcode LPRN INT CMMA INT CMMA INT RPRN RPRN SLSH SLSH BSLSH SQUT SMCLN alert LPRN string DOT fromcharcode LPRN INT CMMA INT CMMA INT RPRN RPRN SLSH SLSH DQUT SMCLN alert LPRN string DOT fromcharcode LPRN INT CMMA INT CMMA INT RPRN RPRN SLSH SLSH BSLSH DQUT SMCLN alert LPRN string DOT fromcharcode LPRN INT CMMA INT CMMA INT RPRN RPRN SLSH SLSH MINUS MINUS GT LT SLSH script GT DQUT GT SQUT GT LT script GT alert LPRN string DOT fromcharcode LPRN INT CMMA INT CMMA INT RPRN RPRN LT SLSH script GT,xss
243,SQUT SMCLN alert LPRN string DOT fromcharcode LPRN INT CMMA INT CMMA INT RPRN RPRN SLSH SLSH BSLSH SQUT SMCLN alert LPRN string DOT fromcharcode LPRN INT CMMA INT CMMA INT RPRN RPRN SLSH SLSH DQUT SMCLN alert LPRN string DOT fromcharcode LPRN INT CMMA INT CMMA INT RPRN RPRN SLSH SLSH BSLSH DQUT SMCLN alert LPRN string DOT fromcharcode LPRN INT CMMA INT CMMA INT RPRN RPRN SLSH SLSH MINUS MINUS GT LT SLSH script GT DQUT GT SQUT GT LT script GT alert LPRN string DOT fromcharcode LPRN INT CMMA INT CMMA INT RPRN RPRN LT QSTN SLSH script GT BITAND submit DOT x EQ INT BITAND submit DOT y EQ INT BITAND cmd EQ SEARCH,xss
244,LT script GT alert LPRN DQUT hellox worldss DQUT RPRN LT SLSH script GT BITAND safe EQ high BITAND cx EQ INT CLN su_tzknyxug BITAND cof EQ forid CLN INT HASH INT,xss
245,LT script GT alert LPRN DQUT xss DQUT RPRN SMCLN LT SLSH script GT BITAND SEARCH EQ INT,xss
246,INT BITAND q EQ SQUT SMCLN alert LPRN string DOT fromcharcode LPRN INT CMMA INT CMMA INT RPRN RPRN SLSH SLSH BSLSH SQUT SMCLN alert PRCNT INT QSTN 8string DOT fromcharcode LPRN INT CMMA INT CMMA INT RPRN RPRN SLSH SLSH DQUT SMCLN alert LPRN string DOT fromcharcode QSTN LPRN INT CMMA INT CMMA INT RPRN RPRN SLSH SLSH BSLSH DQUT SMCLN alert LPRN string DOT fromcharcode LPRN INT CMMA INT CMMA INT RPRN PRCNT QSTN INT SLSH SLSH MINUS MINUS GT LT SLSH script GT DQUT GT SQUT GT LT script GT alert LPRN string DOT fromcharcode LPRN INT CMMA INT PRCNT QSTN 2c83 RPRN RPRN LT SLSH script GT BITAND submit MINUS frmgoogleweb EQ web PLUS SEARCH,xss
247,LT h1 GT LT font color EQ blue GT hellox worldss LT SLSH h1 GT,xss
248,LT body onload EQ alert LPRN SQUT hellox worldss SQUT RPRN GT,xss
249,LT INPUT onfocus EQ WRITE LPRN xss RPRN autofocus GT,xss
250,LT INPUT onblur EQ WRITE LPRN xss RPRN autofocus GT LT INPUT autofocus GT,xss
251,LT body onscroll EQ alert LPRN xss RPRN GT LT br GT LT br GT LT br GT LT br GT LT br GT LT br GT DOT DOT DOT LT br GT LT br GT LT br GT LT br GT LT INPUT autofocus GT,xss
252,LT form GT LT button formaction EQ DQUT javascript CLN alert LPRN xss RPRN DQUT GT lol,xss
253,LT EXCLM MINUS MINUS LT img src EQ DQUT MINUS MINUS GT LT img src EQ x onerror EQ alert LPRN xss RPRN SLSH SLSH DQUT GT,xss
254,LT EXCLM LSQBR GT LT img src EQ DQUT RSQBR GT LT img src EQ x onerror EQ alert LPRN xss RPRN SLSH SLSH DQUT GT,xss
255,LT STYLE GT LT img src EQ DQUT LT SLSH STYLE GT LT img src EQ x onerror EQ alert LPRN xss RPRN SLSH SLSH DQUT GT,xss
256,LT QSTN foo EQ DQUT GT LT script GT alert LPRN INT RPRN LT SLSH script GT DQUT GT,xss
257,LT EXCLM foo EQ DQUT GT LT script GT alert LPRN INT RPRN LT SLSH script GT DQUT GT,xss
258,LT SLSH foo EQ DQUT GT LT script GT alert LPRN INT RPRN LT SLSH script GT DQUT GT,xss
259,LT QSTN foo EQ DQUT GT LT x foo EQ SQUT QSTN GT LT script GT alert LPRN INT RPRN LT SLSH script GT SQUT GT DQUT GT,xss
260,LT EXCLM foo EQ DQUT LSQBR LSQBR LSQBR inception RSQBR RSQBR DQUT GT LT x foo EQ DQUT RSQBR foo GT LT script GT alert LPRN INT RPRN LT SLSH script GT DQUT GT,xss
261,LT PRCNT foo GT LT x foo EQ DQUT PRCNT GT LT script GT alert LPRN INT RPRN LT SLSH script GT DQUT GT,xss
262,LT DIV STYLE EQ DQUT font MINUS FAMILY CLN SQUT foo BITAND HASH INT SMCLN SMCLN color CLN red SMCLN SQUT SMCLN DQUT GT lol,xss
263,lol LT STYLE GT STAR LCBR SLSH STAR ALL STAR SLSH color SLSH STAR ALL STAR SLSH CLN SLSH STAR ALL STAR SLSH red SLSH STAR ALL STAR SLSH SMCLN SLSH LSQBR INT RSQBR STAR ie CMMA safari STAR LSQBR INT RSQBR SLSH color CLN green SMCLN color CLN bl SLSH STAR ie STAR SLSH ue SMCLN RCBR LT SLSH STYLE GT,xss
264,LT script GT LPRN LCBR INT CLN HASH INT EQ alert SLSH HASH INT HASH SLSH HASH INT HASH LPRN INT RPRN RCBR RPRN LT SLSH script GT,xss
265,LT svg xmlns EQ DQUT http CLN SLSH SLSH www DOT w3 DOT org SLSH INT SLSH svg DQUT GT lol LT script GT alert LPRN INT RPRN LT SLSH script GT LT SLSH svg GT,xss
266,BITAND lt SMCLN script BITAND gt SMCLN alert LPRN SLSH xss SLSH BITAND HASH INT SMCLN SOURCE RPRN BITAND lt SMCLN SLSH script BITAND gt SMCLN,xss
267,BSLSH BSLSH DQUT SMCLN alert LPRN SQUT xss SQUT RPRN SMCLN SLSH SLSH,xss
268,BITAND lt SMCLN SLSH title BITAND gt SMCLN BITAND lt SMCLN script BITAND gt SMCLN alert LPRN BSLSH DQUT xss BSLSH DQUT RPRN SMCLN BITAND lt SMCLN SLSH script BITAND gt SMCLN,xss
269,BITAND lt SMCLN INPUT TYPE EQ BSLSH DQUT image BSLSH DQUT src EQ BSLSH DQUT javascript BITAND HASH INT SMCLN alert LPRN SQUT xss SQUT RPRN SMCLN BSLSH DQUT BITAND gt SMCLN,xss
270,BITAND lt SMCLN body background EQ BSLSH DQUT javascript BITAND HASH INT SMCLN alert LPRN SQUT xss SQUT RPRN BSLSH DQUT BITAND gt SMCLN,xss
271,BITAND lt SMCLN body onload EQ alert LPRN SQUT xss SQUT RPRN BITAND gt SMCLN,xss
272,BITAND lt SMCLN img dynsrc EQ BSLSH DQUT javascript BITAND HASH INT SMCLN alert LPRN SQUT xss SQUT RPRN BSLSH DQUT BITAND gt SMCLN,xss
273,BITAND lt SMCLN img lowsrc EQ BSLSH DQUT javascript BITAND HASH INT SMCLN alert LPRN SQUT xss SQUT RPRN BSLSH DQUT BITAND gt SMCLN,xss
274,BITAND lt SMCLN bgsound src EQ BSLSH DQUT javascript BITAND HASH INT SMCLN alert LPRN SQUT xss SQUT RPRN SMCLN BSLSH DQUT BITAND gt SMCLN,xss
275,BITAND lt SMCLN br SIZE EQ BSLSH DQUT BITAND LCBR alert LPRN SQUT xss SQUT RPRN RCBR BSLSH DQUT BITAND gt SMCLN,xss
276,BITAND lt SMCLN layer src EQ BSLSH DQUT http BITAND HASH INT SMCLN SLSH SLSH ha BITAND HASH INT SMCLN ckers BITAND HASH INT SMCLN org SLSH scriptlet BITAND HASH INT SMCLN html BSLSH DQUT BITAND gt SMCLN BITAND lt SMCLN SLSH layer BITAND gt SMCLN,xss
277,BITAND lt SMCLN LINK rel EQ BSLSH DQUT stylesheet BSLSH DQUT href EQ BSLSH DQUT javascript BITAND HASH INT SMCLN alert LPRN SQUT xss SQUT RPRN SMCLN BSLSH DQUT BITAND gt SMCLN,xss
278,BITAND lt SMCLN LINK rel EQ BSLSH DQUT stylesheet BSLSH DQUT href EQ BSLSH DQUT http BITAND HASH INT SMCLN SLSH SLSH ha BITAND HASH INT SMCLN ckers BITAND HASH INT SMCLN org SLSH xss BITAND HASH INT SMCLN css BSLSH DQUT BITAND gt SMCLN,xss
279,BITAND lt SMCLN STYLE BITAND gt SMCLN ATR IMPORT SQUT http BITAND HASH INT SMCLN SLSH SLSH ha BITAND HASH INT SMCLN ckers BITAND HASH INT SMCLN org SLSH xss BITAND HASH INT SMCLN css SQUT SMCLN BITAND lt SMCLN SLSH STYLE BITAND gt SMCLN,xss
280,BITAND lt SMCLN meta http MINUS equiv EQ BSLSH DQUT LINK BSLSH DQUT CONTENT EQ BSLSH DQUT BITAND lt SMCLN http BITAND HASH INT SMCLN SLSH SLSH ha BITAND HASH INT SMCLN ckers BITAND HASH INT SMCLN org SLSH xss BITAND HASH INT SMCLN css BITAND gt SMCLN SMCLN rel EQ stylesheet BSLSH DQUT BITAND gt SMCLN,xss
281,BITAND lt SMCLN STYLE BITAND gt SMCLN body LCBR MINUS moz MINUS binding BITAND HASH INT SMCLN url LPRN BSLSH DQUT http BITAND HASH INT SMCLN SLSH SLSH ha BITAND HASH INT SMCLN ckers BITAND HASH INT SMCLN org SLSH xssmoz BITAND HASH INT SMCLN XML HASH xss BSLSH DQUT RPRN RCBR BITAND lt SMCLN SLSH STYLE BITAND gt SMCLN,xss
282,BITAND lt SMCLN xss STYLE EQ BSLSH DQUT behavior BITAND HASH INT SMCLN url LPRN xss BITAND HASH INT SMCLN htc RPRN SMCLN BSLSH DQUT BITAND gt SMCLN,xss
283,BITAND lt SMCLN STYLE BITAND gt SMCLN li LCBR list MINUS STYLE MINUS image BITAND HASH INT SMCLN url LPRN BSLSH DQUT javascript BITAND HASH INT SMCLN alert LPRN SQUT xss SQUT RPRN BSLSH DQUT RPRN SMCLN RCBR BITAND lt SMCLN SLSH STYLE BITAND gt SMCLN BITAND lt SMCLN ul BITAND gt SMCLN BITAND lt SMCLN li BITAND gt SMCLN xss,xss
284,BITAND lt SMCLN img src EQ SQUT vbscript BITAND HASH INT SMCLN msgbox LPRN BSLSH DQUT xss BSLSH DQUT RPRN SQUT BITAND gt SMCLN,xss
285,BITAND lt SMCLN img src EQ BSLSH DQUT mocha BITAND HASH INT SMCLN BITAND HASH INT SMCLN code BITAND HASH INT SMCLN BSLSH DQUT BITAND gt SMCLN,xss
286,BITAND lt SMCLN img src EQ BSLSH DQUT livescript BITAND HASH INT SMCLN BITAND HASH INT SMCLN code BITAND HASH INT SMCLN BSLSH DQUT BITAND gt SMCLN,xss
287,žscriptualert LPRN exsse RPRN ž SLSH scriptu,xss
288,BITAND lt SMCLN meta http MINUS equiv EQ BSLSH DQUT REFRESH BSLSH DQUT CONTENT EQ BSLSH DQUT INT SMCLN url EQ javascript BITAND HASH INT SMCLN alert LPRN SQUT xss SQUT RPRN SMCLN BSLSH DQUT BITAND gt SMCLN,xss
289,BITAND lt SMCLN meta http MINUS equiv EQ BSLSH DQUT REFRESH BSLSH DQUT CONTENT EQ BSLSH DQUT INT SMCLN url EQ DATA BITAND HASH INT SMCLN TEXT SLSH html SMCLN BASE64 CMMA phnjcmlwdd5hbgvydcgnwfntjyk8l3njcmlwdd4k BSLSH DQUT BITAND gt SMCLN,xss
290,BITAND lt SMCLN meta http MINUS equiv EQ BSLSH DQUT REFRESH BSLSH DQUT CONTENT EQ BSLSH DQUT INT SMCLN url EQ http BITAND HASH INT SMCLN SLSH SLSH SMCLN url EQ javascript BITAND HASH INT SMCLN alert LPRN SQUT xss SQUT RPRN SMCLN BSLSH DQUT,xss
291,BITAND lt SMCLN iframe src EQ BSLSH DQUT javascript BITAND HASH INT SMCLN alert LPRN SQUT xss SQUT RPRN SMCLN BSLSH DQUT BITAND gt SMCLN BITAND lt SMCLN SLSH iframe BITAND gt SMCLN,xss
292,BITAND lt SMCLN frameset BITAND gt SMCLN BITAND lt SMCLN frame src EQ BSLSH DQUT javascript BITAND HASH INT SMCLN alert LPRN SQUT xss SQUT RPRN SMCLN BSLSH DQUT BITAND gt SMCLN BITAND lt SMCLN SLSH frameset BITAND gt SMCLN,xss
293,BITAND lt SMCLN TABLE background EQ BSLSH DQUT javascript BITAND HASH INT SMCLN alert LPRN SQUT xss SQUT RPRN BSLSH DQUT BITAND gt SMCLN,xss
294,BITAND lt SMCLN TABLE BITAND gt SMCLN BITAND lt SMCLN td background EQ BSLSH DQUT javascript BITAND HASH INT SMCLN alert LPRN SQUT xss SQUT RPRN BSLSH DQUT BITAND gt SMCLN,xss
295,BITAND lt SMCLN DIV STYLE EQ BSLSH DQUT background MINUS image BITAND HASH INT SMCLN url LPRN javascript BITAND HASH INT SMCLN alert LPRN SQUT xss SQUT RPRN RPRN BSLSH DQUT BITAND gt SMCLN,xss
296,BITAND lt SMCLN DIV STYLE EQ BSLSH DQUT background MINUS image BITAND HASH INT SMCLN BSLSH INT BSLSH INT BSLSH 006c BSLSH INT SQUT BSLSH 006a BSLSH INT BSLSH INT BSLSH INT BSLSH INT BSLSH INT BSLSH INT BSLSH INT BSLSH INT BSLSH INT BSLSH 003a BSLSH INT BSLSH 006c BSLSH INT BSLSH INT BSLSH INT BSLSH INT BITAND HASH INT SMCLN INT BSLSH INT BITAND HASH INT SMCLN INT BSLSH INT BSLSH INT BSLSH INT SQUT BSLSH INT BSLSH DQUT BITAND gt SMCLN,xss
297,BITAND lt SMCLN DIV STYLE EQ BSLSH DQUT background MINUS image BITAND HASH INT SMCLN url LPRN javascript BITAND HASH INT SMCLN alert LPRN SQUT xss SQUT RPRN RPRN BSLSH DQUT BITAND gt SMCLN,xss
298,BITAND lt SMCLN DIV STYLE EQ BSLSH DQUT width BITAND HASH INT SMCLN EXPRESSION LPRN alert LPRN SQUT xss SQUT RPRN RPRN SMCLN BSLSH DQUT BITAND gt SMCLN,xss
299,BITAND lt SMCLN STYLE BITAND gt SMCLN ATR im BSLSH port SQUT BSLSH ja BSLSH vasc BSLSH ript BITAND HASH INT SMCLN alert LPRN BSLSH DQUT xss BSLSH DQUT RPRN SQUT SMCLN BITAND lt SMCLN SLSH STYLE BITAND gt SMCLN,xss
300,BITAND lt SMCLN img STYLE EQ BSLSH DQUT xss BITAND HASH INT SMCLN expr SLSH STAR xss STAR SLSH ession LPRN alert LPRN SQUT xss SQUT RPRN RPRN BSLSH DQUT BITAND gt SMCLN,xss
301,BITAND lt SMCLN xss STYLE EQ BSLSH DQUT xss BITAND HASH INT SMCLN EXPRESSION LPRN alert LPRN SQUT xss SQUT RPRN RPRN BSLSH DQUT BITAND gt SMCLN,xss
302,EXP SLSH STAR BITAND lt SMCLN A STYLE EQ SQUT NO BSLSH xss BITAND HASH INT SMCLN noxss LPRN BSLSH DQUT STAR SLSH SLSH STAR BSLSH DQUT RPRN SMCLN,xss
303,xss BITAND HASH INT SMCLN ex BITAND HASH x2f SMCLN STAR xss STAR SLSH SLSH STAR SLSH STAR SLSH pression LPRN alert LPRN BSLSH DQUT xss BSLSH DQUT RPRN RPRN SQUT BITAND gt SMCLN,xss
304,BITAND lt SMCLN STYLE TYPE EQ BSLSH DQUT TEXT SLSH javascript BSLSH DQUT BITAND gt SMCLN alert LPRN SQUT xss SQUT RPRN SMCLN BITAND lt SMCLN SLSH STYLE BITAND gt SMCLN,xss
305,BITAND lt SMCLN STYLE BITAND gt SMCLN BITAND HASH INT SMCLN xss LCBR background MINUS image BITAND HASH INT SMCLN url LPRN BSLSH DQUT javascript BITAND HASH INT SMCLN alert LPRN SQUT xss SQUT RPRN BSLSH DQUT RPRN SMCLN RCBR BITAND lt SMCLN SLSH STYLE BITAND gt SMCLN BITAND lt SMCLN A CLASS EQ xss BITAND gt SMCLN BITAND lt SMCLN SLSH A BITAND gt SMCLN,xss
306,BITAND lt SMCLN STYLE TYPE EQ BSLSH DQUT TEXT SLSH css BSLSH DQUT BITAND gt SMCLN body LCBR background BITAND HASH INT SMCLN url LPRN BSLSH DQUT javascript BITAND HASH INT SMCLN alert LPRN SQUT xss SQUT RPRN BSLSH DQUT RPRN RCBR BITAND lt SMCLN SLSH STYLE BITAND gt SMCLN,xss
307,BITAND lt SMCLN EXCLM MINUS MINUS BITAND HASH INT SMCLN IF gte ie INT BITAND HASH INT SMCLN BITAND gt SMCLN,xss
308,BITAND lt SMCLN script BITAND gt SMCLN alert LPRN SQUT xss SQUT RPRN SMCLN BITAND lt SMCLN SLSH script BITAND gt SMCLN,xss
309,BITAND lt SMCLN EXCLM BITAND HASH INT SMCLN endif BITAND HASH INT SMCLN MINUS MINUS BITAND gt SMCLN,xss
310,BITAND lt SMCLN base href EQ BSLSH DQUT javascript BITAND HASH INT SMCLN alert LPRN SQUT xss SQUT RPRN SMCLN SLSH SLSH BSLSH DQUT BITAND gt SMCLN,xss
311,BITAND lt SMCLN OBJECT TYPE EQ BSLSH DQUT TEXT SLSH x MINUS scriptlet BSLSH DQUT DATA EQ BSLSH DQUT http BITAND HASH INT SMCLN SLSH SLSH ha BITAND HASH INT SMCLN ckers BITAND HASH INT SMCLN org SLSH scriptlet BITAND HASH INT SMCLN html BSLSH DQUT BITAND gt SMCLN BITAND lt SMCLN SLSH OBJECT BITAND gt SMCLN,xss
312,BITAND lt SMCLN OBJECT classid EQ clsid BITAND HASH INT SMCLN ae24fdae MINUS 03c6 MINUS 11d1 MINUS 8b76 MINUS 0080c744f389 BITAND gt SMCLN BITAND lt SMCLN param NAME EQ url VALUE EQ javascript BITAND HASH INT SMCLN alert LPRN SQUT xss SQUT RPRN BITAND gt SMCLN BITAND lt SMCLN SLSH OBJECT BITAND gt SMCLN,xss
313,BITAND lt SMCLN embed src EQ BSLSH DQUT http BITAND HASH INT SMCLN SLSH SLSH ha BITAND HASH INT SMCLN ckers BITAND HASH INT SMCLN org SLSH xss BITAND HASH INT SMCLN swf BSLSH DQUT allowscriptaccess EQ BSLSH DQUT ALWAYS BSLSH DQUT BITAND gt SMCLN BITAND lt SMCLN SLSH embed BITAND gt SMCLN,xss
314,BITAND lt SMCLN embed src EQ BSLSH DQUT DATA BITAND HASH INT SMCLN image SLSH svg PLUS XML SMCLN BASE64 CMMA phn2zyb4bwxuczpzdmc9imh0dh a6ly93d3cudzmub3jnlziwmdavc3zniib4bwxucz0iahr0cdovl3d3dy53my5vcmcv mjawmc9zdmciihhtbg5zonhsaw5rpsjodhrwoi8vd3d3lnczlm9yzy8xotk5l3hs aw5riib2zxjzaw9upsixljaiihg9ijaiihk9ijaiihdpzhropsixotqiighlawdodd0imjaw iibpzd0iehnzij48c2nyaxb0ihr5cgu9inrlehqvzwntyxnjcmlwdci PLUS ywxlcnqoilh tuyipozwvc2nyaxb0pjwvc3znpg EQ EQ BSLSH DQUT TYPE EQ BSLSH DQUT image SLSH svg PLUS XML BSLSH DQUT allowscriptaccess EQ BSLSH DQUT ALWAYS BSLSH DQUT BITAND gt SMCLN BITAND lt SMCLN SLSH embed BITAND gt SMCLN,xss
315,A EQ BSLSH DQUT GET BSLSH DQUT SMCLN,xss
316,b EQ BSLSH DQUT url LPRN BSLSH BSLSH DQUT BSLSH DQUT SMCLN,xss
317,C EQ BSLSH DQUT javascript BITAND HASH INT SMCLN BSLSH DQUT SMCLN,xss
318,d EQ BSLSH DQUT alert LPRN SQUT xss SQUT RPRN SMCLN BSLSH BSLSH DQUT RPRN BSLSH DQUT SMCLN,xss
319,eval LPRN A PLUS b PLUS C PLUS d RPRN SMCLN,xss
320,BITAND lt SMCLN html xmlns BITAND HASH INT SMCLN xss BITAND gt SMCLN BITAND lt SMCLN QSTN IMPORT NAMESPACE EQ BSLSH DQUT xss BSLSH DQUT IMPLEMENTATION EQ BSLSH DQUT http BITAND HASH INT SMCLN SLSH SLSH ha BITAND HASH INT SMCLN ckers BITAND HASH INT SMCLN org SLSH xss BITAND HASH INT SMCLN htc BSLSH DQUT BITAND gt SMCLN BITAND lt SMCLN xss BITAND HASH INT SMCLN xss BITAND gt SMCLN xss BITAND lt SMCLN SLSH xss BITAND HASH INT SMCLN xss BITAND gt SMCLN BITAND lt SMCLN SLSH html BITAND gt SMCLN,xss
321,BITAND lt SMCLN XML ID EQ i BITAND gt SMCLN BITAND lt SMCLN x BITAND gt SMCLN BITAND lt SMCLN C BITAND gt SMCLN BITAND lt SMCLN EXCLM BITAND HASH INT SMCLN cdata BITAND HASH INT SMCLN BITAND lt SMCLN img src EQ BSLSH DQUT javas BITAND HASH INT SMCLN BITAND HASH INT SMCLN BITAND gt SMCLN BITAND lt SMCLN EXCLM BITAND HASH INT SMCLN cdata BITAND HASH INT SMCLN cript BITAND HASH INT SMCLN alert LPRN SQUT xss SQUT RPRN SMCLN BSLSH DQUT BITAND gt SMCLN BITAND HASH INT SMCLN BITAND HASH INT SMCLN BITAND gt SMCLN,xss
322,BITAND lt SMCLN SLSH C BITAND gt SMCLN BITAND lt SMCLN SLSH x BITAND gt SMCLN BITAND lt SMCLN SLSH XML BITAND gt SMCLN BITAND lt SMCLN span datasrc EQ HASH i datafld EQ C dataformatas EQ html BITAND gt SMCLN BITAND lt SMCLN SLSH span BITAND gt SMCLN,xss
323,BITAND lt SMCLN XML ID EQ BSLSH DQUT xss BSLSH DQUT BITAND gt SMCLN BITAND lt SMCLN i BITAND gt SMCLN BITAND lt SMCLN b BITAND gt SMCLN BITAND lt SMCLN img src EQ BSLSH DQUT javas BITAND lt SMCLN EXCLM MINUS MINUS MINUS MINUS BITAND gt SMCLN cript BITAND HASH INT SMCLN alert LPRN SQUT xss SQUT RPRN BSLSH DQUT BITAND gt SMCLN BITAND lt SMCLN SLSH b BITAND gt SMCLN BITAND lt SMCLN SLSH i BITAND gt SMCLN BITAND lt SMCLN SLSH XML BITAND gt SMCLN,xss
324,BITAND lt SMCLN span datasrc EQ BSLSH DQUT HASH xss BSLSH DQUT datafld EQ BSLSH DQUT b BSLSH DQUT dataformatas EQ BSLSH DQUT html BSLSH DQUT BITAND gt SMCLN BITAND lt SMCLN SLSH span BITAND gt SMCLN,xss
325,BITAND lt SMCLN XML src EQ BSLSH DQUT xsstest BITAND HASH INT SMCLN XML BSLSH DQUT ID EQ i BITAND gt SMCLN BITAND lt SMCLN SLSH XML BITAND gt SMCLN,xss
326,BITAND lt SMCLN span datasrc EQ HASH i datafld EQ C dataformatas EQ html BITAND gt SMCLN BITAND lt SMCLN SLSH span BITAND gt SMCLN,xss
327,BITAND lt SMCLN html BITAND gt SMCLN BITAND lt SMCLN body BITAND gt SMCLN,xss
328,BITAND lt SMCLN QSTN XML BITAND HASH INT SMCLN NAMESPACE prefix EQ BSLSH DQUT T BSLSH DQUT ns EQ BSLSH DQUT urn BITAND HASH INT SMCLN schemas MINUS microsoft MINUS com BITAND HASH INT SMCLN TIME BSLSH DQUT BITAND gt SMCLN,xss
329,BITAND lt SMCLN QSTN IMPORT NAMESPACE EQ BSLSH DQUT T BSLSH DQUT IMPLEMENTATION EQ BSLSH DQUT HASH DEFAULT HASH time2 BSLSH DQUT BITAND gt SMCLN,xss
330,BITAND lt SMCLN T BITAND HASH INT SMCLN SET attributename EQ BSLSH DQUT innerhtml BSLSH DQUT TO EQ BSLSH DQUT xss BITAND lt SMCLN script defer BITAND gt SMCLN alert LPRN BITAND quot SMCLN xss BITAND quot SMCLN RPRN BITAND lt SMCLN SLSH script BITAND gt SMCLN BSLSH DQUT BITAND gt SMCLN,xss
331,BITAND lt SMCLN SLSH body BITAND gt SMCLN BITAND lt SMCLN SLSH html BITAND gt SMCLN,xss
332,BITAND lt SMCLN script src EQ BSLSH DQUT http BITAND HASH INT SMCLN SLSH SLSH ha BITAND HASH INT SMCLN ckers BITAND HASH INT SMCLN org SLSH xss BITAND HASH INT SMCLN jpg BSLSH DQUT BITAND gt SMCLN BITAND lt SMCLN SLSH script BITAND gt SMCLN,xss
333,BITAND lt SMCLN EXCLM MINUS MINUS HASH EXEC cmd EQ BSLSH DQUT SLSH bin SLSH echo SQUT BITAND lt SMCLN scr SQUT BSLSH DQUT MINUS MINUS BITAND gt SMCLN BITAND lt SMCLN EXCLM MINUS MINUS HASH EXEC cmd EQ BSLSH DQUT SLSH bin SLSH echo SQUT ipt src EQ http BITAND HASH INT SMCLN SLSH SLSH ha BITAND HASH INT SMCLN ckers BITAND HASH INT SMCLN org SLSH xss BITAND HASH INT SMCLN js BITAND gt SMCLN BITAND lt SMCLN SLSH script BITAND gt SMCLN SQUT BSLSH DQUT MINUS MINUS BITAND gt SMCLN,xss
334,BITAND lt SMCLN QSTN echo LPRN SQUT BITAND lt SMCLN scr RPRN SQUT SMCLN,xss
335,echo LPRN SQUT ipt BITAND gt SMCLN alert LPRN BSLSH DQUT xss BSLSH DQUT RPRN BITAND lt SMCLN SLSH script BITAND gt SMCLN SQUT RPRN SMCLN QSTN BITAND gt SMCLN,xss
336,BITAND lt SMCLN img src EQ BSLSH DQUT http BITAND HASH INT SMCLN SLSH SLSH www BITAND HASH INT SMCLN thesiteyouareon BITAND HASH INT SMCLN com SLSH somecommand BITAND HASH INT SMCLN php QSTN somevariables EQ maliciouscode BSLSH DQUT BITAND gt SMCLN,xss
337,redirect INT SLSH A BITAND HASH INT SMCLN jpg http BITAND HASH INT SMCLN SLSH SLSH victimsite BITAND HASH INT SMCLN com SLSH ADMIN BITAND HASH INT SMCLN asp BITAND deleteuser,xss
338,BITAND lt SMCLN meta http MINUS equiv EQ BSLSH DQUT SET MINUS cookie BSLSH DQUT CONTENT EQ BSLSH DQUT userid EQ BITAND lt SMCLN script BITAND gt SMCLN alert LPRN SQUT xss SQUT RPRN BITAND lt SMCLN SLSH script BITAND gt SMCLN BSLSH DQUT BITAND gt SMCLN,xss
339,BITAND lt SMCLN head BITAND gt SMCLN BITAND lt SMCLN meta http MINUS equiv EQ BSLSH DQUT CONTENT MINUS TYPE BSLSH DQUT CONTENT EQ BSLSH DQUT TEXT SLSH html SMCLN charset EQ utf MINUS INT BSLSH DQUT BITAND gt SMCLN BITAND lt SMCLN SLSH head BITAND gt SMCLN PLUS adw MINUS script PLUS ad4 MINUS alert LPRN SQUT xss SQUT RPRN SMCLN PLUS adw MINUS SLSH script PLUS ad4 MINUS,xss
340,BITAND lt SMCLN script A EQ BSLSH DQUT BITAND gt SMCLN BSLSH DQUT src EQ BSLSH DQUT http BITAND HASH INT SMCLN SLSH SLSH ha BITAND HASH INT SMCLN ckers BITAND HASH INT SMCLN org SLSH xss BITAND HASH INT SMCLN js BSLSH DQUT BITAND gt SMCLN BITAND lt SMCLN SLSH script BITAND gt SMCLN,xss
341,BITAND lt SMCLN script EQ BSLSH DQUT BITAND gt SMCLN BSLSH DQUT src EQ BSLSH DQUT http BITAND HASH INT SMCLN SLSH SLSH ha BITAND HASH INT SMCLN ckers BITAND HASH INT SMCLN org SLSH xss BITAND HASH INT SMCLN js BSLSH DQUT BITAND gt SMCLN BITAND lt SMCLN SLSH script BITAND gt SMCLN,xss
342,BITAND lt SMCLN script A EQ BSLSH DQUT BITAND gt SMCLN BSLSH DQUT SQUT SQUT src EQ BSLSH DQUT http BITAND HASH INT SMCLN SLSH SLSH ha BITAND HASH INT SMCLN ckers BITAND HASH INT SMCLN org SLSH xss BITAND HASH INT SMCLN js BSLSH DQUT BITAND gt SMCLN BITAND lt SMCLN SLSH script BITAND gt SMCLN,xss
343,BITAND lt SMCLN script BSLSH DQUT A EQ SQUT BITAND gt SMCLN SQUT BSLSH DQUT src EQ BSLSH DQUT http BITAND HASH INT SMCLN SLSH SLSH ha BITAND HASH INT SMCLN ckers BITAND HASH INT SMCLN org SLSH xss BITAND HASH INT SMCLN js BSLSH DQUT BITAND gt SMCLN BITAND lt SMCLN SLSH script BITAND gt SMCLN,xss
344,BITAND lt SMCLN script A EQ REMOVE BITAND gt SMCLN REMOVE src EQ BSLSH DQUT http BITAND HASH INT SMCLN SLSH SLSH ha BITAND HASH INT SMCLN ckers BITAND HASH INT SMCLN org SLSH xss BITAND HASH INT SMCLN js BSLSH DQUT BITAND gt SMCLN BITAND lt SMCLN SLSH script BITAND gt SMCLN,xss
345,BITAND lt SMCLN script A EQ BSLSH DQUT BITAND gt SMCLN SQUT BITAND gt SMCLN BSLSH DQUT src EQ BSLSH DQUT http BITAND HASH INT SMCLN SLSH SLSH ha BITAND HASH INT SMCLN ckers BITAND HASH INT SMCLN org SLSH xss BITAND HASH INT SMCLN js BSLSH DQUT BITAND gt SMCLN BITAND lt SMCLN SLSH script BITAND gt SMCLN,xss
346,BITAND lt SMCLN script BITAND gt SMCLN DOCUMENT BITAND HASH INT SMCLN WRITE LPRN BSLSH DQUT BITAND lt SMCLN scri BSLSH DQUT RPRN SMCLN BITAND lt SMCLN SLSH script BITAND gt SMCLN pt src EQ BSLSH DQUT http BITAND HASH INT SMCLN SLSH SLSH ha BITAND HASH INT SMCLN ckers BITAND HASH INT SMCLN org SLSH xss BITAND HASH INT SMCLN js BSLSH DQUT BITAND gt SMCLN BITAND lt SMCLN SLSH script BITAND gt SMCLN,xss
347,BITAND lt SMCLN A href EQ BSLSH DQUT http BITAND HASH INT SMCLN SLSH SLSH INT BITAND HASH INT SMCLN INT BITAND HASH INT SMCLN INT BITAND HASH INT SMCLN INT SLSH BSLSH DQUT BITAND gt SMCLN xss BITAND lt SMCLN SLSH A BITAND gt SMCLN,xss
348,BITAND lt SMCLN A href EQ BSLSH DQUT http BITAND HASH INT SMCLN SLSH SLSH PRCNT INT PRCNT INT PRCNT INT PRCNT 2e PRCNT INT PRCNT 6f PRCNT 6f PRCNT INT PRCNT 6c PRCNT INT PRCNT 2e PRCNT INT PRCNT 6f PRCNT 6d BSLSH DQUT BITAND gt SMCLN xss BITAND lt SMCLN SLSH A BITAND gt SMCLN,xss
349,BITAND lt SMCLN A href EQ BSLSH DQUT http BITAND HASH INT SMCLN SLSH SLSH INT SLSH BSLSH DQUT BITAND gt SMCLN xss BITAND lt SMCLN SLSH A BITAND gt SMCLN,xss
350,BITAND lt SMCLN A href EQ BSLSH DQUT http BITAND HASH INT SMCLN SLSH SLSH 0x42 BITAND HASH INT SMCLN 0x0000066 BITAND HASH INT SMCLN 0x7 BITAND HASH INT SMCLN 0x93 SLSH BSLSH DQUT BITAND gt SMCLN xss BITAND lt SMCLN SLSH A BITAND gt SMCLN,xss
351,BITAND lt SMCLN A href EQ BSLSH DQUT http BITAND HASH INT SMCLN SLSH SLSH INT BITAND HASH INT SMCLN INT BITAND HASH INT SMCLN INT BITAND HASH INT SMCLN INT SLSH BSLSH DQUT BITAND gt SMCLN xss BITAND lt SMCLN SLSH A BITAND gt SMCLN,xss
352,BITAND lt SMCLN A href EQ BSLSH DQUT htt P BITAND HASH INT SMCLN SLSH SLSH INT INT BITAND HASH INT SMCLN INT BITAND HASH INT SMCLN 0x7 BITAND HASH INT SMCLN INT SLSH BSLSH DQUT BITAND gt SMCLN xss BITAND lt SMCLN SLSH A BITAND gt SMCLN,xss
353,BITAND lt SMCLN A href EQ BSLSH DQUT SLSH SLSH www BITAND HASH INT SMCLN google BITAND HASH INT SMCLN com SLSH BSLSH DQUT BITAND gt SMCLN xss BITAND lt SMCLN SLSH A BITAND gt SMCLN,xss
354,BITAND lt SMCLN A href EQ BSLSH DQUT SLSH SLSH google BSLSH DQUT BITAND gt SMCLN xss BITAND lt SMCLN SLSH A BITAND gt SMCLN,xss
355,BITAND lt SMCLN A href EQ BSLSH DQUT http BITAND HASH INT SMCLN SLSH SLSH ha BITAND HASH INT SMCLN ckers BITAND HASH INT SMCLN org ATR google BSLSH DQUT BITAND gt SMCLN xss BITAND lt SMCLN SLSH A BITAND gt SMCLN,xss
356,BITAND lt SMCLN A href EQ BSLSH DQUT http BITAND HASH INT SMCLN SLSH SLSH google BITAND HASH INT SMCLN ha BITAND HASH INT SMCLN ckers BITAND HASH INT SMCLN org BSLSH DQUT BITAND gt SMCLN xss BITAND lt SMCLN SLSH A BITAND gt SMCLN,xss
357,BITAND lt SMCLN A href EQ BSLSH DQUT http BITAND HASH INT SMCLN SLSH SLSH google BITAND HASH INT SMCLN com SLSH BSLSH DQUT BITAND gt SMCLN xss BITAND lt SMCLN SLSH A BITAND gt SMCLN,xss
358,BITAND lt SMCLN A href EQ BSLSH DQUT http BITAND HASH INT SMCLN SLSH SLSH www BITAND HASH INT SMCLN google BITAND HASH INT SMCLN com BITAND HASH INT SMCLN SLSH BSLSH DQUT BITAND gt SMCLN xss BITAND lt SMCLN SLSH A BITAND gt SMCLN,xss
359,BITAND lt SMCLN A href EQ BSLSH DQUT javascript BITAND HASH INT SMCLN DOCUMENT BITAND HASH INT SMCLN LOCATION EQ SQUT http BITAND HASH INT SMCLN SLSH SLSH www BITAND HASH INT SMCLN google BITAND HASH INT SMCLN com SLSH SQUT BSLSH DQUT BITAND gt SMCLN xss BITAND lt SMCLN SLSH A BITAND gt SMCLN,xss
360,BITAND lt SMCLN A href EQ BSLSH DQUT http BITAND HASH INT SMCLN SLSH SLSH www BITAND HASH INT SMCLN gohttp BITAND HASH INT SMCLN SLSH SLSH www BITAND HASH INT SMCLN google BITAND HASH INT SMCLN com SLSH ogle BITAND HASH INT SMCLN com SLSH BSLSH DQUT BITAND gt SMCLN xss BITAND lt SMCLN SLSH A BITAND gt SMCLN,xss
361,BITAND lt SMCLN,xss
362,PRCNT 3c,xss
363,BITAND lt,xss
364,BITAND lt SMCLN,xss
365,BITAND lt,xss
366,BITAND lt SMCLN,xss
367,BITAND HASH INT,xss
368,BITAND HASH INT,xss
369,BITAND HASH INT,xss
370,BITAND HASH INT,xss
371,BITAND HASH INT,xss
372,BITAND HASH INT,xss
373,BITAND lt SMCLN,xss
374,BITAND HASH x3c,xss
375,BITAND HASH x03c,xss
376,BITAND HASH x003c,xss
377,BITAND HASH x0003c,xss
378,BITAND HASH x00003c,xss
379,BITAND HASH x000003c,xss
380,BITAND HASH x3c SMCLN,xss
381,BITAND HASH x03c SMCLN,xss
382,BITAND HASH x003c SMCLN,xss
383,BITAND HASH x0003c SMCLN,xss
384,BITAND HASH x00003c SMCLN,xss
385,BITAND HASH x000003c SMCLN,xss
386,BITAND HASH x3c,xss
387,BITAND HASH x03c,xss
388,BITAND HASH x003c,xss
389,BITAND HASH x0003c,xss
390,BITAND HASH x00003c,xss
391,BITAND HASH x000003c,xss
392,BITAND HASH x3c SMCLN,xss
393,BITAND HASH x03c SMCLN,xss
394,BITAND HASH x003c SMCLN,xss
395,BITAND HASH x0003c SMCLN,xss
396,BITAND HASH x00003c SMCLN,xss
397,BITAND HASH x000003c SMCLN,xss
398,BITAND HASH x3c,xss
399,BITAND HASH x03c,xss
400,BITAND HASH x003c,xss
401,BITAND HASH x0003c,xss
402,BITAND HASH x00003c,xss
403,BITAND HASH x000003c,xss
404,BITAND HASH x3c SMCLN,xss
405,BITAND HASH x03c SMCLN,xss
406,BITAND HASH x003c SMCLN,xss
407,BITAND HASH x0003c SMCLN,xss
408,BITAND HASH x00003c SMCLN,xss
409,BITAND HASH x000003c SMCLN,xss
410,BITAND HASH x3c,xss
411,BITAND HASH x03c,xss
412,BITAND HASH x003c,xss
413,BITAND HASH x0003c,xss
414,BITAND HASH x00003c,xss
415,BITAND HASH x000003c,xss
416,BITAND HASH x3c SMCLN,xss
417,BITAND HASH x03c SMCLN,xss
418,BITAND HASH x003c SMCLN,xss
419,BITAND HASH x0003c SMCLN,xss
420,BITAND HASH x00003c SMCLN,xss
421,BITAND HASH x000003c SMCLN,xss
422,BSLSH x3c,xss
423,BSLSH x3c,xss
424,BSLSH u003c,xss
425,BSLSH u003c,xss
426,BITAND lt SMCLN iframe src EQ http BITAND HASH INT SMCLN SLSH SLSH ha BITAND HASH INT SMCLN ckers BITAND HASH INT SMCLN org SLSH scriptlet BITAND HASH INT SMCLN html BITAND gt SMCLN,xss
427,BITAND lt SMCLN img src EQ BSLSH DQUT javascript BITAND HASH INT SMCLN alert LPRN SQUT xss SQUT RPRN BSLSH DQUT,xss
428,BITAND lt SMCLN script src EQ SLSH SLSH ha BITAND HASH INT SMCLN ckers BITAND HASH INT SMCLN org SLSH BITAND HASH INT SMCLN js BITAND gt SMCLN,xss
429,BITAND lt SMCLN script src EQ http BITAND HASH INT SMCLN SLSH SLSH ha BITAND HASH INT SMCLN ckers BITAND HASH INT SMCLN org SLSH xss BITAND HASH INT SMCLN js QSTN BITAND lt SMCLN b BITAND gt SMCLN,xss
430,BITAND lt SMCLN BITAND lt SMCLN script BITAND gt SMCLN alert LPRN BSLSH DQUT xss BSLSH DQUT RPRN SMCLN SLSH SLSH BITAND lt SMCLN BITAND lt SMCLN SLSH script BITAND gt SMCLN,xss
431,BITAND lt SMCLN script SLSH src EQ BSLSH DQUT http BITAND HASH INT SMCLN SLSH SLSH ha BITAND HASH INT SMCLN ckers BITAND HASH INT SMCLN org SLSH xss BITAND HASH INT SMCLN js BSLSH DQUT BITAND gt SMCLN BITAND lt SMCLN SLSH script BITAND gt SMCLN,xss
432,BITAND lt SMCLN body onload EXCLM HASH DLLR PRCNT BITAND LPRN RPRN STAR TLDE PLUS MINUS _ BITAND HASH INT SMCLN CMMA BITAND HASH INT SMCLN SMCLN QSTN ATR BITAND HASH INT SMCLN SLSH BITOR BSLSH BITAND HASH INT SMCLN XOR REMOVE EQ alert LPRN BSLSH DQUT xss BSLSH DQUT RPRN BITAND gt SMCLN,xss
433,BITAND lt SMCLN script SLSH xss src EQ BSLSH DQUT http BITAND HASH INT SMCLN SLSH SLSH ha BITAND HASH INT SMCLN ckers BITAND HASH INT SMCLN org SLSH xss BITAND HASH INT SMCLN js BSLSH DQUT BITAND gt SMCLN BITAND lt SMCLN SLSH script BITAND gt SMCLN,xss
434,BITAND lt SMCLN img src EQ BSLSH DQUT javascript BITAND HASH INT SMCLN alert LPRN SQUT xss SQUT RPRN SMCLN BSLSH DQUT BITAND gt SMCLN,xss
435,perl MINUS e SQUT print BSLSH DQUT BITAND lt SMCLN scr BSLSH 0ipt BITAND gt SMCLN alert LPRN BSLSH BSLSH DQUT xss BSLSH BSLSH DQUT RPRN BITAND lt SMCLN SLSH scr BSLSH 0ipt BITAND gt SMCLN BSLSH DQUT SMCLN SQUT BITAND gt SMCLN OUT,xss
436,perl MINUS e SQUT print BSLSH DQUT BITAND lt SMCLN img src EQ java BSLSH 0script BITAND HASH INT SMCLN alert LPRN BSLSH BSLSH DQUT xss BSLSH BSLSH DQUT RPRN BITAND gt SMCLN BSLSH DQUT SMCLN SQUT BITAND gt SMCLN OUT,xss
437,BITAND lt SMCLN img src EQ BSLSH DQUT jav BITAND HASH x0d SMCLN ascript BITAND HASH INT SMCLN alert LPRN SQUT xss SQUT RPRN SMCLN BSLSH DQUT BITAND gt SMCLN,xss
438,BITAND lt SMCLN img src EQ BSLSH DQUT jav BITAND HASH x0a SMCLN ascript BITAND HASH INT SMCLN alert LPRN SQUT xss SQUT RPRN SMCLN BSLSH DQUT BITAND gt SMCLN,xss
439,BITAND lt SMCLN img src EQ BSLSH DQUT jav BITAND HASH x09 SMCLN ascript BITAND HASH INT SMCLN alert LPRN SQUT xss SQUT RPRN SMCLN BSLSH DQUT BITAND gt SMCLN,xss
440,BITAND lt SMCLN img src EQ BITAND HASH x6a BITAND HASH x61 BITAND HASH x76 BITAND HASH x61 BITAND HASH x73 BITAND HASH x63 BITAND HASH x72 BITAND HASH x69 BITAND HASH x70 BITAND HASH x74 BITAND HASH x3a BITAND HASH x61 BITAND HASH x6c BITAND HASH x65 BITAND HASH x72 BITAND HASH x74 BITAND HASH x28 BITAND HASH x27 BITAND HASH x58 BITAND HASH x53 BITAND HASH x53 BITAND HASH x27 BITAND HASH x29 BITAND gt SMCLN,xss
441,BITAND lt SMCLN img src EQ BITAND HASH INT BITAND HASH INT BITAND HASH INT BITAND HASH INT BITAND HASH INT BITAND HASH INT BITAND HASH INT BITAND HASH INT BITAND HASH INT BITAND HASH INT BITAND HASH INT BITAND HASH INT BITAND HASH INT BITAND HASH INT BITAND HASH INT BITAND HASH INT BITAND HASH INT BITAND HASH INT BITAND HASH INT BITAND HASH INT BITAND HASH INT BITAND HASH INT BITAND HASH INT BITAND gt SMCLN,xss
442,BITAND lt SMCLN img src EQ javascript BITAND HASH INT SMCLN alert LPRN SQUT xss SQUT RPRN BITAND gt SMCLN,xss
443,BITAND lt SMCLN img src EQ javascript BITAND HASH INT SMCLN alert LPRN string BITAND HASH INT SMCLN fromcharcode LPRN INT CMMA INT CMMA INT RPRN RPRN BITAND gt SMCLN,xss
444,BITAND lt SMCLN img BSLSH DQUT BSLSH DQUT BSLSH DQUT BITAND gt SMCLN BITAND lt SMCLN script BITAND gt SMCLN alert LPRN BSLSH DQUT xss BSLSH DQUT RPRN BITAND lt SMCLN SLSH script BITAND gt SMCLN BSLSH DQUT BITAND gt SMCLN,xss
445,BITAND lt SMCLN img src EQ REMOVE javascript BITAND HASH INT SMCLN alert LPRN BSLSH DQUT rsnake says CMMA SQUT xss SQUT BSLSH DQUT RPRN REMOVE BITAND gt SMCLN,xss
446,BITAND lt SMCLN img src EQ javascript BITAND HASH INT SMCLN alert LPRN BITAND quot SMCLN xss BITAND quot SMCLN RPRN BITAND gt SMCLN,xss
447,BITAND lt SMCLN img src EQ javascript BITAND HASH INT SMCLN alert LPRN SQUT xss SQUT RPRN BITAND gt SMCLN,xss
448,BITAND lt SMCLN img src EQ javascript BITAND HASH INT SMCLN alert LPRN SQUT xss SQUT RPRN BITAND gt SMCLN,xss
449,BITAND lt SMCLN img src EQ BSLSH DQUT javascript BITAND HASH INT SMCLN alert LPRN SQUT xss SQUT RPRN SMCLN BSLSH DQUT BITAND gt SMCLN,xss
450,BITAND lt SMCLN script src EQ http BITAND HASH INT SMCLN SLSH SLSH ha BITAND HASH INT SMCLN ckers BITAND HASH INT SMCLN org SLSH xss BITAND HASH INT SMCLN js BITAND gt SMCLN BITAND lt SMCLN SLSH script BITAND gt SMCLN,xss
451,SQUT SQUT SMCLN EXCLM MINUS MINUS BSLSH DQUT BITAND lt SMCLN xss BITAND gt SMCLN EQ BITAND LCBR LPRN RPRN RCBR,xss
452,SQUT SMCLN alert LPRN string BITAND HASH INT SMCLN fromcharcode LPRN INT CMMA INT CMMA INT RPRN RPRN SLSH SLSH BSLSH SQUT SMCLN alert LPRN string BITAND HASH INT SMCLN fromcharcode LPRN INT CMMA INT CMMA INT RPRN RPRN SLSH SLSH BSLSH DQUT SMCLN alert LPRN string BITAND HASH INT SMCLN fromcharcode LPRN INT CMMA INT CMMA INT RPRN RPRN SLSH SLSH BSLSH BSLSH DQUT SMCLN alert LPRN string BITAND HASH INT SMCLN fromcharcode LPRN INT CMMA INT CMMA INT RPRN RPRN SLSH SLSH MINUS MINUS BITAND gt SMCLN BITAND lt SMCLN SLSH script BITAND gt SMCLN BSLSH DQUT BITAND gt SMCLN SQUT BITAND gt SMCLN BITAND lt SMCLN script BITAND gt SMCLN alert LPRN string BITAND HASH INT SMCLN fromcharcode LPRN INT CMMA INT CMMA INT RPRN RPRN BITAND lt SMCLN SLSH script BITAND gt SMCLN,xss
453,SQUT SMCLN alert LPRN string DOT fromcharcode LPRN INT CMMA INT CMMA INT RPRN RPRN SLSH SLSH BSLSH SQUT SMCLN alert LPRN string DOT fromcharcode LPRN INT CMMA INT CMMA INT RPRN RPRN SLSH SLSH DQUT SMCLN alert LPRN string DOT fromcharcode LPRN INT CMMA INT CMMA INT RPRN RPRN SLSH SLSH BSLSH DQUT SMCLN alert LPRN string DOT fromcharcode LPRN INT CMMA INT CMMA INT RPRN RPRN SLSH SLSH MINUS MINUS GT LT SLSH script GT DQUT GT SQUT GT LT script GT alert LPRN string DOT fromcharcode LPRN INT CMMA INT CMMA INT RPRN RPRN LT SLSH script GT,xss
454,SQUT SQUT SMCLN EXCLM MINUS MINUS DQUT LT xss GT EQ BITAND LCBR LPRN RPRN RCBR,xss
455,LT script src EQ http CLN SLSH SLSH ha DOT ckers DOT org SLSH xss DOT js GT LT SLSH script GT,xss
456,LT img src EQ DQUT javascript CLN alert LPRN SQUT xss SQUT RPRN SMCLN DQUT GT,xss
457,LT img src EQ javascript CLN alert LPRN SQUT xss SQUT RPRN GT,xss
458,LT img src EQ javascrscriptipt CLN alert LPRN SQUT xss SQUT RPRN GT,xss
459,LT img src EQ javascript CLN alert LPRN SQUT xss SQUT RPRN GT,xss
460,LT img DQUT DQUT DQUT GT LT script GT alert LPRN DQUT xss DQUT RPRN LT SLSH script GT DQUT GT,xss
461,LT img src EQ DQUT BITAND HASH INT SMCLN javascript CLN alert LPRN SQUT xss SQUT RPRN SMCLN DQUT GT,xss
462,LT script SLSH xss src EQ DQUT http CLN SLSH SLSH ha DOT ckers DOT org SLSH xss DOT js DQUT GT LT SLSH script GT,xss
463,LT script SLSH src EQ DQUT http CLN SLSH SLSH ha DOT ckers DOT org SLSH xss DOT js DQUT GT LT SLSH script GT,xss
464,LT LT script GT alert LPRN DQUT xss DQUT RPRN SMCLN SLSH SLSH LT LT SLSH script GT,xss
465,LT script GT A EQ SLSH xss SLSH alert LPRN A DOT SOURCE RPRN LT SLSH script GT,xss
466,BSLSH DQUT SMCLN alert LPRN SQUT xss SQUT RPRN SMCLN SLSH SLSH,xss
467,LT SLSH title GT LT script GT alert LPRN DQUT xss DQUT RPRN SMCLN LT SLSH script GT,xss
468,¼script¾alert LPRN ¢xss¢ RPRN ¼ SLSH script¾,xss
469,LT meta http MINUS equiv EQ DQUT REFRESH DQUT CONTENT EQ DQUT INT SMCLN url EQ javascript CLN alert LPRN SQUT xss SQUT RPRN SMCLN DQUT GT,xss
470,LT iframe src EQ DQUT javascript CLN alert LPRN SQUT xss SQUT RPRN SMCLN DQUT GT LT SLSH iframe GT,xss
471,LT frameset GT LT frame src EQ DQUT javascript CLN alert LPRN SQUT xss SQUT RPRN SMCLN DQUT GT LT SLSH frameset GT,xss
472,LT TABLE background EQ DQUT javascript CLN alert LPRN SQUT xss SQUT RPRN DQUT GT,xss
473,LT TABLE GT LT td background EQ DQUT javascript CLN alert LPRN SQUT xss SQUT RPRN DQUT GT,xss
474,LT DIV STYLE EQ DQUT background MINUS image CLN url LPRN javascript CLN alert LPRN SQUT xss SQUT RPRN RPRN DQUT GT,xss
475,LT DIV STYLE EQ DQUT background MINUS image CLN BSLSH INT BSLSH INT BSLSH 006c BSLSH INT SQUT BSLSH 006a BSLSH INT BSLSH INT BSLSH INT BSLSH INT BSLSH INT BSLSH INT BSLSH INT BSLSH INT BSLSH INT BSLSH 003a BSLSH INT BSLSH 006c BSLSH INT BSLSH INT BSLSH INT BSLSH INT DOT INT BSLSH INT DOT INT BSLSH INT BSLSH INT BSLSH INT SQUT BSLSH INT DQUT GT,xss
476,LT DIV STYLE EQ DQUT width CLN EXPRESSION LPRN alert LPRN SQUT xss SQUT RPRN RPRN SMCLN DQUT GT,xss
477,LT STYLE GT ATR im BSLSH port SQUT BSLSH ja BSLSH vasc BSLSH ript CLN alert LPRN DQUT xss DQUT RPRN SQUT SMCLN LT SLSH STYLE GT,xss
478,LT img STYLE EQ DQUT xss CLN expr SLSH STAR xss STAR SLSH ession LPRN alert LPRN SQUT xss SQUT RPRN RPRN DQUT GT,xss
479,LT xss STYLE EQ DQUT xss CLN EXPRESSION LPRN alert LPRN SQUT xss SQUT RPRN RPRN DQUT GT,xss
480,EXP SLSH STAR LT A STYLE EQ SQUT NO BSLSH xss CLN noxss LPRN DQUT STAR SLSH SLSH STAR DQUT RPRN SMCLN xss CLN BITAND HASH INT SMCLN x BITAND HASH x2f SMCLN STAR xss STAR SLSH SLSH STAR SLSH STAR SLSH pression LPRN alert LPRN DQUT xss DQUT RPRN RPRN SQUT GT,xss
481,LT embed src EQ DQUT http CLN SLSH SLSH ha DOT ckers DOT org SLSH xss DOT swf DQUT allowscriptaccess EQ DQUT ALWAYS DQUT GT LT SLSH embed GT,xss
482,A EQ DQUT GET DQUT SMCLN b EQ DQUT url LPRN ja BSLSH DQUT DQUT SMCLN C EQ DQUT vascr DQUT SMCLN d EQ DQUT ipt CLN ale DQUT SMCLN e EQ DQUT rt LPRN SQUT xss SQUT RPRN SMCLN BSLSH DQUT RPRN DQUT SMCLN eval LPRN A PLUS b PLUS C PLUS d PLUS e RPRN SMCLN,xss
483,LT script src EQ DQUT http CLN SLSH SLSH ha DOT ckers DOT org SLSH xss DOT jpg DQUT GT LT SLSH script GT,xss
484,LT html GT LT body GT LT QSTN XML CLN NAMESPACE prefix EQ DQUT T DQUT ns EQ DQUT urn CLN schemas MINUS microsoft MINUS com CLN TIME DQUT GT LT QSTN IMPORT NAMESPACE EQ DQUT T DQUT IMPLEMENTATION EQ DQUT HASH DEFAULT HASH time2 DQUT GT LT T CLN SET attributename EQ DQUT innerhtml DQUT TO EQ DQUT xss BITAND lt SMCLN script defer BITAND gt SMCLN alert LPRN BITAND quot SMCLN xss BITAND quot SMCLN RPRN BITAND lt SMCLN SLSH script BITAND gt SMCLN DQUT GT LT SLSH body GT LT SLSH html GT,xss
485,LT script GT DOCUMENT DOT WRITE LPRN DQUT LT scri DQUT RPRN SMCLN LT SLSH script GT pt src EQ DQUT http CLN SLSH SLSH ha DOT ckers DOT org SLSH xss DOT js DQUT GT LT SLSH script GT,xss
486,LT form ID EQ DQUT test DQUT SLSH GT LT button form EQ DQUT test DQUT formaction EQ DQUT javascript CLN alert LPRN INT RPRN DQUT GT testhtml5formaction,xss
487,LT form GT LT button formaction EQ DQUT javascript CLN alert LPRN INT RPRN DQUT GT crosssitespt,xss
488,LT frameset onload EQ alert LPRN INT RPRN GT,xss
489,LT EXCLM MINUS MINUS LT img src EQ DQUT MINUS MINUS GT LT img src EQ x onerror EQ alert LPRN INT RPRN SLSH SLSH DQUT GT,xss
490,LT STYLE GT LT img src EQ DQUT LT SLSH STYLE GT LT img src EQ x onerror EQ alert LPRN INT RPRN SLSH SLSH DQUT GT,xss
491,LT OBJECT DATA EQ DQUT DATA CLN TEXT SLSH html SMCLN BASE64 CMMA phnjcmlwdd5hbgvydcgxktwvc2nyaxb0pg EQ EQ DQUT GT,xss
492,LT embed src EQ DQUT DATA CLN TEXT SLSH html SMCLN BASE64 CMMA phnjcmlwdd5hbgvydcgxktwvc2nyaxb0pg EQ EQ DQUT GT,xss
493,LT embed src EQ DQUT javascript CLN alert LPRN INT RPRN DQUT GT,xss
494,LT QSTN foo EQ DQUT GT LT script GT alert LPRN INT RPRN LT SLSH script GT DQUT GT,xss
495,LT EXCLM foo EQ DQUT GT LT script GT alert LPRN INT RPRN LT SLSH script GT DQUT GT,xss
496,LT SLSH foo EQ DQUT GT LT script GT alert LPRN INT RPRN LT SLSH script GT DQUT GT,xss
497,LT script GT LPRN LCBR INT CLN HASH INT EQ alert SLSH HASH INT HASH SLSH HASH INT HASH LPRN INT RPRN RCBR RPRN LT SLSH script GT,xss
498,LT script GT referenceerror DOT prototype DOT __definegetter__ LPRN SQUT NAME SQUT CMMA FUNCTION LPRN RPRN LCBR alert LPRN INT RPRN RCBR RPRN CMMA x LT SLSH script GT,xss
499,LT script GT OBJECT DOT __nosuchmethod__ EQ FUNCTION CMMA LSQBR LCBR RCBR RSQBR LSQBR INT RSQBR DOT CONSTRUCTOR DOT _ LPRN SQUT alert LPRN INT RPRN SQUT RPRN LPRN RPRN LT SLSH script GT,xss
500,LT script src EQ DQUT HASH DQUT GT LCBR alert LPRN INT RPRN RCBR LT SLSH script GT SMCLN INT,xss
501,LT script GT crypto DOT generatecrmfrequest LPRN SQUT cn EQ INT SQUT CMMA INT CMMA INT CMMA NULL CMMA SQUT alert LPRN INT RPRN SQUT CMMA INT CMMA NULL CMMA SQUT rsa MINUS DUAL MINUS USE SQUT RPRN LT SLSH script GT,xss
502,LT svg xmlns EQ DQUT HASH DQUT GT LT script GT alert LPRN INT RPRN LT SLSH script GT LT SLSH svg GT,xss
503,LT svg onload EQ DQUT javascript CLN alert LPRN INT RPRN DQUT xmlns EQ DQUT HASH DQUT GT LT SLSH svg GT,xss
504,LT iframe xmlns EQ DQUT HASH DQUT src EQ DQUT javascript CLN alert LPRN INT RPRN DQUT GT LT SLSH iframe GT,xss
505,PLUS adw MINUS script PLUS ad4 MINUS alert LPRN DOCUMENT DOT LOCATION RPRN PLUS adw MINUS SLSH script PLUS ad4 MINUS,xss
506,PRCNT 2badw MINUS script PLUS ad4 MINUS alert LPRN DOCUMENT DOT LOCATION RPRN PRCNT 2badw MINUS SLSH script PRCNT 2bad4 MINUS,xss
507,PLUS aciapga8 MINUS script PLUS ad4 MINUS alert LPRN DOCUMENT DOT LOCATION RPRN PLUS adw MINUS SLSH script PLUS ad4apaai MINUS,xss
508,PRCNT 2baciapga8 MINUS script PRCNT 2bad4 MINUS alert PRCNT 28document DOT LOCATION PRCNT INT PRCNT 2badw MINUS PRCNT 2fscript PRCNT 2bad4apaai MINUS,xss
509,PRCNT 253cscript PRCNT 253ealert LPRN DOCUMENT DOT cookie RPRN PRCNT 253c SLSH script PRCNT 253e,xss
510,RQUT GT LT s” PRCNT 2b”cript GT alert LPRN DOCUMENT DOT cookie RPRN LT SLSH script GT,xss
511,RQUT GT LT script GT alert LPRN DOCUMENT DOT cookie RPRN LT SLSH script GT,xss
512,RQUT GT LT LT script GT alert LPRN DOCUMENT DOT cookie RPRN SMCLN SLSH SLSH LT LT SLSH script GT,xss
513,foo LT script GT alert LPRN DOCUMENT DOT cookie RPRN LT SLSH script GT,xss
514,LT scr LT script GT ipt GT alert LPRN DOCUMENT DOT cookie RPRN LT SLSH scr LT SLSH script GT ipt GT,xss
515,PRCNT INT SLSH PRCNT 3e PRCNT 3cbody PRCNT 20onload EQ ’document DOT WRITE LPRN PRCNT INT PRCNT 3cs PRCNT INT PRCNT 2b PRCNT 22cript PRCNT 20src EQ http CLN SLSH SLSH my DOT box DOT com SLSH xss DOT js PRCNT 3e PRCNT 3c SLSH script PRCNT 3e PRCNT INT RPRN ’ PRCNT 3e,xss
516,‘ SMCLN alert LPRN DOCUMENT DOT cookie RPRN SMCLN var foo EQ ’,xss
517,foo BSLSH ’ SMCLN alert LPRN DOCUMENT DOT cookie RPRN SMCLN SLSH SLSH ’ SMCLN,xss
518,LT SLSH script GT LT script GT alert LPRN DOCUMENT DOT cookie RPRN LT SLSH script GT,xss
519,LT img src EQ asdf onerror EQ alert LPRN DOCUMENT DOT cookie RPRN GT,xss
520,LT body onload EQ alert LPRN ’xss’ RPRN GT,xss
521,LT script GT alert LPRN INT RPRN LT SLSH script GT,xss
522,DQUT GT LT script GT alert LPRN string DOT fromcharcode LPRN INT CMMA INT CMMA INT CMMA INT CMMA INT CMMA INT CMMA INT CMMA INT RPRN RPRN LT SLSH script GT,xss
523,LT video src EQ INT onerror EQ alert LPRN INT RPRN GT,xss
524,LT audio src EQ INT onerror EQ alert LPRN INT RPRN GT,xss
